Copyright 1986-2022 Xilinx, Inc. All Rights Reserved. Copyright 2022-2024 Advanced Micro Devices, Inc. All Rights Reserved.
------------------------------------------------------------------------------------------------------------------------------------------------------------------------------------------------------
| Tool Version : Vivado v.2024.2 (lin64) Build 5239630 Fri Nov 08 22:34:34 MST 2024
| Date         : Thu Jun 12 19:21:19 2025
| Host         : telmo-pc running 64-bit Ubuntu 22.04.5 LTS
| Command      : report_timing_summary -max_paths 10 -report_unconstrained -file top_timing_summary_routed.rpt -pb top_timing_summary_routed.pb -rpx top_timing_summary_routed.rpx -warn_on_violation
| Design       : top
| Device       : 7z010-clg400
| Speed File   : -1  PRODUCTION 1.12 2019-11-22
| Design State : Routed
------------------------------------------------------------------------------------------------------------------------------------------------------------------------------------------------------

Timing Summary Report

------------------------------------------------------------------------------------------------
| Timer Settings
| --------------
------------------------------------------------------------------------------------------------

  Enable Multi Corner Analysis               :  Yes
  Enable Pessimism Removal                   :  Yes
  Pessimism Removal Resolution               :  Nearest Common Node
  Enable Input Delay Default Clock           :  No
  Enable Preset / Clear Arcs                 :  No
  Disable Flight Delays                      :  No
  Ignore I/O Paths                           :  No
  Timing Early Launch at Borrowing Latches   :  No
  Borrow Time for Max Delay Exceptions       :  Yes
  Merge Timing Exceptions                    :  Yes
  Inter-SLR Compensation                     :  Conservative

  Corner  Analyze    Analyze    
  Name    Max Paths  Min Paths  
  ------  ---------  ---------  
  Slow    Yes        Yes        
  Fast    Yes        Yes        


------------------------------------------------------------------------------------------------
| Report Methodology
| ------------------
------------------------------------------------------------------------------------------------

Rule       Severity          Description                                Violations  
---------  ----------------  -----------------------------------------  ----------  
TIMING-17  Critical Warning  Non-clocked sequential cell                1000        
TIMING-27  Critical Warning  Invalid primary clock on hierarchical pin  1           
LUTAR-1    Warning           LUT drives async reset alert               16          
TIMING-20  Warning           Non-clocked latch                          8           
LATCH-1    Advisory          Existing latches in the design             1           

Note: This report is based on the most recent report_methodology run and may not be up-to-date. Run report_methodology on the current design for the latest report.



check_timing report

Table of Contents
-----------------
1. checking no_clock (2571)
2. checking constant_clock (0)
3. checking pulse_width_clock (0)
4. checking unconstrained_internal_endpoints (14831)
5. checking no_input_delay (22)
6. checking no_output_delay (20)
7. checking multiple_clock (0)
8. checking generated_clocks (0)
9. checking loops (0)
10. checking partial_input_delay (0)
11. checking partial_output_delay (0)
12. checking latch_loops (0)

1. checking no_clock (2571)
---------------------------
 There are 2174 register/latch pins with no clock driven by root clock pin: clk (HIGH)

 There are 8 register/latch pins with no clock driven by root clock pin: rst (HIGH)

 There are 48 register/latch pins with no clock driven by root clock pin: t0/divisor_reg[0]/Q (HIGH)

 There are 48 register/latch pins with no clock driven by root clock pin: t0/divisor_reg[1]/Q (HIGH)

 There are 48 register/latch pins with no clock driven by root clock pin: t0/divisor_reg[2]/Q (HIGH)

 There are 48 register/latch pins with no clock driven by root clock pin: t0/uut/r_ClkDiv12_reg/Q (HIGH)

 There are 48 register/latch pins with no clock driven by root clock pin: t0/uut/r_ClkDiv48_reg/Q (HIGH)

 There are 48 register/latch pins with no clock driven by root clock pin: t0/uut/r_DivCounter4_reg[1]/Q (HIGH)

 There are 48 register/latch pins with no clock driven by root clock pin: t0/uut/r_DivCounter8_reg[2]/Q (HIGH)

 There is 1 register/latch pin with no clock driven by root clock pin: uart/reg_TL1_reg[0]/Q (HIGH)

 There is 1 register/latch pin with no clock driven by root clock pin: uart/reg_TL1_reg[1]/Q (HIGH)

 There is 1 register/latch pin with no clock driven by root clock pin: uart/reg_TL1_reg[2]/Q (HIGH)

 There is 1 register/latch pin with no clock driven by root clock pin: uart/reg_TL1_reg[3]/Q (HIGH)

 There is 1 register/latch pin with no clock driven by root clock pin: uart/reg_TL1_reg[4]/Q (HIGH)

 There is 1 register/latch pin with no clock driven by root clock pin: uart/reg_TL1_reg[5]/Q (HIGH)

 There is 1 register/latch pin with no clock driven by root clock pin: uart/reg_TL1_reg[6]/Q (HIGH)

 There is 1 register/latch pin with no clock driven by root clock pin: uart/reg_TL1_reg[7]/Q (HIGH)

 There are 45 register/latch pins with no clock driven by root clock pin: uart/uart_inst/baud_gen/baud_tick_reg/Q (HIGH)


2. checking constant_clock (0)
------------------------------
 There are 0 register/latch pins with constant_clock.


3. checking pulse_width_clock (0)
---------------------------------
 There are 0 register/latch pins which need pulse_width check


4. checking unconstrained_internal_endpoints (14831)
----------------------------------------------------
 There are 14831 pins that are not constrained for maximum delay. (HIGH)

 There are 0 pins that are not constrained for maximum delay due to constant clock.


5. checking no_input_delay (22)
-------------------------------
 There are 22 input ports with no input delay specified. (HIGH)

 There are 0 input ports with no input delay but user has a false path constraint.


6. checking no_output_delay (20)
--------------------------------
 There are 20 ports with no output delay specified. (HIGH)

 There are 0 ports with no output delay but user has a false path constraint

 There are 0 ports with no output delay but with a timing clock defined on it or propagating through it


7. checking multiple_clock (0)
------------------------------
 There are 0 register/latch pins with multiple clocks.


8. checking generated_clocks (0)
--------------------------------
 There are 0 generated clocks that are not connected to a clock source.


9. checking loops (0)
---------------------
 There are 0 combinational loops in the design.


10. checking partial_input_delay (0)
------------------------------------
 There are 0 input ports with partial input delay specified.


11. checking partial_output_delay (0)
-------------------------------------
 There are 0 ports with partial output delay specified.


12. checking latch_loops (0)
----------------------------
 There are 0 combinational latch loops in the design through latch input



------------------------------------------------------------------------------------------------
| Design Timing Summary
| ---------------------
------------------------------------------------------------------------------------------------

    WNS(ns)      TNS(ns)  TNS Failing Endpoints  TNS Total Endpoints      WHS(ns)      THS(ns)  THS Failing Endpoints  THS Total Endpoints     WPWS(ns)     TPWS(ns)  TPWS Failing Endpoints  TPWS Total Endpoints  
    -------      -------  ---------------------  -------------------      -------      -------  ---------------------  -------------------     --------     --------  ----------------------  --------------------  
     20.629        0.000                      0                  329        0.085        0.000                      0                  329        2.000        0.000                       0                    77  


All user specified timing constraints are met.


------------------------------------------------------------------------------------------------
| Clock Summary
| -------------
------------------------------------------------------------------------------------------------

Clock                      Waveform(ns)         Period(ns)      Frequency(MHz)
-----                      ------------         ----------      --------------
vga/pll_inst/inst/clk_in1  {0.000 4.000}        8.000           125.000         
  clk_out1_clk_wiz_0       {0.000 19.862}       39.724          25.174          
  clkfbout_clk_wiz_0       {0.000 28.000}       56.000          17.857          


------------------------------------------------------------------------------------------------
| Intra Clock Table
| -----------------
------------------------------------------------------------------------------------------------

Clock                          WNS(ns)      TNS(ns)  TNS Failing Endpoints  TNS Total Endpoints      WHS(ns)      THS(ns)  THS Failing Endpoints  THS Total Endpoints     WPWS(ns)     TPWS(ns)  TPWS Failing Endpoints  TPWS Total Endpoints  
-----                          -------      -------  ---------------------  -------------------      -------      -------  ---------------------  -------------------     --------     --------  ----------------------  --------------------  
vga/pll_inst/inst/clk_in1                                                                                                                                                    2.000        0.000                       0                     1  
  clk_out1_clk_wiz_0            20.629        0.000                      0                  329        0.085        0.000                      0                  329       19.362        0.000                       0                    73  
  clkfbout_clk_wiz_0                                                                                                                                                        44.000        0.000                       0                     3  


------------------------------------------------------------------------------------------------
| Inter Clock Table
| -----------------
------------------------------------------------------------------------------------------------

From Clock    To Clock          WNS(ns)      TNS(ns)  TNS Failing Endpoints  TNS Total Endpoints      WHS(ns)      THS(ns)  THS Failing Endpoints  THS Total Endpoints  
----------    --------          -------      -------  ---------------------  -------------------      -------      -------  ---------------------  -------------------  


------------------------------------------------------------------------------------------------
| Other Path Groups Table
| -----------------------
------------------------------------------------------------------------------------------------

Path Group    From Clock    To Clock          WNS(ns)      TNS(ns)  TNS Failing Endpoints  TNS Total Endpoints      WHS(ns)      THS(ns)  THS Failing Endpoints  THS Total Endpoints  
----------    ----------    --------          -------      -------  ---------------------  -------------------      -------      -------  ---------------------  -------------------  


------------------------------------------------------------------------------------------------
| User Ignored Path Table
| -----------------------
------------------------------------------------------------------------------------------------

Path Group    From Clock    To Clock    
----------    ----------    --------    


------------------------------------------------------------------------------------------------
| Unconstrained Path Table
| ------------------------
------------------------------------------------------------------------------------------------

Path Group          From Clock          To Clock          
----------          ----------          --------          
(none)                                                      
(none)              clk_out1_clk_wiz_0                      
(none)              clkfbout_clk_wiz_0                      
(none)                                  clk_out1_clk_wiz_0  


------------------------------------------------------------------------------------------------
| Timing Details
| --------------
------------------------------------------------------------------------------------------------


---------------------------------------------------------------------------------------------------
From Clock:  vga/pll_inst/inst/clk_in1
  To Clock:  vga/pll_inst/inst/clk_in1

Setup :           NA  Failing Endpoints,  Worst Slack           NA  ,  Total Violation           NA
Hold  :           NA  Failing Endpoints,  Worst Slack           NA  ,  Total Violation           NA
PW    :            0  Failing Endpoints,  Worst Slack        2.000ns,  Total Violation        0.000ns
---------------------------------------------------------------------------------------------------


Pulse Width Checks
--------------------------------------------------------------------------------------
Clock Name:         vga/pll_inst/inst/clk_in1
Waveform(ns):       { 0.000 4.000 }
Period(ns):         8.000
Sources:            { vga/pll_inst/inst/clk_in1 }

Check Type        Corner  Lib Pin            Reference Pin  Required(ns)  Actual(ns)  Slack(ns)  Location         Pin
Min Period        n/a     MMCME2_ADV/CLKIN1  n/a            1.249         8.000       6.751      MMCME2_ADV_X0Y0  vga/pll_inst/inst/mmcm_adv_inst/CLKIN1
Max Period        n/a     MMCME2_ADV/CLKIN1  n/a            100.000       8.000       92.000     MMCME2_ADV_X0Y0  vga/pll_inst/inst/mmcm_adv_inst/CLKIN1
Low Pulse Width   Slow    MMCME2_ADV/CLKIN1  n/a            2.000         4.000       2.000      MMCME2_ADV_X0Y0  vga/pll_inst/inst/mmcm_adv_inst/CLKIN1
Low Pulse Width   Fast    MMCME2_ADV/CLKIN1  n/a            2.000         4.000       2.000      MMCME2_ADV_X0Y0  vga/pll_inst/inst/mmcm_adv_inst/CLKIN1
High Pulse Width  Slow    MMCME2_ADV/CLKIN1  n/a            2.000         4.000       2.000      MMCME2_ADV_X0Y0  vga/pll_inst/inst/mmcm_adv_inst/CLKIN1
High Pulse Width  Fast    MMCME2_ADV/CLKIN1  n/a            2.000         4.000       2.000      MMCME2_ADV_X0Y0  vga/pll_inst/inst/mmcm_adv_inst/CLKIN1



---------------------------------------------------------------------------------------------------
From Clock:  clk_out1_clk_wiz_0
  To Clock:  clk_out1_clk_wiz_0

Setup :            0  Failing Endpoints,  Worst Slack       20.629ns,  Total Violation        0.000ns
Hold  :            0  Failing Endpoints,  Worst Slack        0.085ns,  Total Violation        0.000ns
PW    :            0  Failing Endpoints,  Worst Slack       19.362ns,  Total Violation        0.000ns
---------------------------------------------------------------------------------------------------


Max Delay Paths
--------------------------------------------------------------------------------------
Slack (MET) :             20.629ns  (required time - arrival time)
  Source:                 vga/VGA_H/h_count_reg[4]/C
                            (rising edge-triggered cell FDRE clocked by clk_out1_clk_wiz_0  {rise@0.000ns fall@19.862ns period=39.724ns})
  Destination:            <hidden>
                            (rising edge-triggered cell RAMB36E1 clocked by clk_out1_clk_wiz_0  {rise@0.000ns fall@19.862ns period=39.724ns})
  Path Group:             clk_out1_clk_wiz_0
  Path Type:              Setup (Max at Slow Process Corner)
  Requirement:            39.724ns  (clk_out1_clk_wiz_0 rise@39.724ns - clk_out1_clk_wiz_0 rise@0.000ns)
  Data Path Delay:        18.242ns  (logic 0.456ns (2.500%)  route 17.786ns (97.500%))
  Logic Levels:           0  
  Clock Path Skew:        -0.141ns (DCD - SCD + CPR)
    Destination Clock Delay (DCD):    1.536ns = ( 41.259 - 39.724 ) 
    Source Clock Delay      (SCD):    1.681ns
    Clock Pessimism Removal (CPR):    0.004ns
  Clock Uncertainty:      0.145ns  ((TSJ^2 + DJ^2)^1/2) / 2 + PE
    Total System Jitter     (TSJ):    0.071ns
    Discrete Jitter          (DJ):    0.281ns
    Phase Error              (PE):    0.000ns

    Location             Delay type                Incr(ns)  Path(ns)    Netlist Resource(s)
  -------------------------------------------------------------------    -------------------
                         (clock clk_out1_clk_wiz_0 rise edge)
                                                      0.000     0.000 r  
    BUFGCTRL_X0Y0        BUFG                         0.000     0.000 r  clk_IBUF_BUFG_inst/O
                         net (fo=2128, routed)        1.677     1.677    vga/pll_inst/inst/clk_in1
    MMCME2_ADV_X0Y0      MMCME2_ADV (Prop_mmcme2_adv_CLKIN1_CLKOUT0)
                                                     -3.538    -1.861 r  vga/pll_inst/inst/mmcm_adv_inst/CLKOUT0
                         net (fo=1, routed)           1.760    -0.101    vga/pll_inst/inst/clk_out1_clk_wiz_0
    BUFGCTRL_X0Y1        BUFG (Prop_bufg_I_O)         0.101     0.000 r  vga/pll_inst/inst/clkout1_buf/O
                         net (fo=71, routed)          1.681     1.681    vga/VGA_H/CLK
    SLICE_X7Y6           FDRE                                         r  vga/VGA_H/h_count_reg[4]/C
  -------------------------------------------------------------------    -------------------
    SLICE_X7Y6           FDRE (Prop_fdre_C_Q)         0.456     2.137 r  vga/VGA_H/h_count_reg[4]/Q
                         net (fo=1373, routed)       17.786    19.923    <hidden>
    RAMB36_X1Y0          RAMB36E1                                     r  <hidden>
  -------------------------------------------------------------------    -------------------

                         (clock clk_out1_clk_wiz_0 rise edge)
                                                     39.724    39.724 r  
    BUFGCTRL_X0Y0        BUFG                         0.000    39.724 r  clk_IBUF_BUFG_inst/O
                         net (fo=2128, routed)        1.487    41.211    vga/pll_inst/inst/clk_in1
    MMCME2_ADV_X0Y0      MMCME2_ADV (Prop_mmcme2_adv_CLKIN1_CLKOUT0)
                                                     -3.177    38.033 r  vga/pll_inst/inst/mmcm_adv_inst/CLKOUT0
                         net (fo=1, routed)           1.599    39.633    vga/pll_inst/inst/clk_out1_clk_wiz_0
    BUFGCTRL_X0Y1        BUFG (Prop_bufg_I_O)         0.091    39.724 r  vga/pll_inst/inst/clkout1_buf/O
                         net (fo=71, routed)          1.536    41.259    <hidden>
    RAMB36_X1Y0          RAMB36E1                                     r  <hidden>
                         clock pessimism              0.004    41.263    
                         clock uncertainty           -0.145    41.118    
    RAMB36_X1Y0          RAMB36E1 (Setup_ramb36e1_CLKARDCLK_ADDRARDADDR[3])
                                                     -0.566    40.552    <hidden>
  -------------------------------------------------------------------
                         required time                         40.552    
                         arrival time                         -19.923    
  -------------------------------------------------------------------
                         slack                                 20.629    

Slack (MET) :             20.965ns  (required time - arrival time)
  Source:                 vga/VGA_H/h_count_reg[4]/C
                            (rising edge-triggered cell FDRE clocked by clk_out1_clk_wiz_0  {rise@0.000ns fall@19.862ns period=39.724ns})
  Destination:            <hidden>
                            (rising edge-triggered cell RAMB36E1 clocked by clk_out1_clk_wiz_0  {rise@0.000ns fall@19.862ns period=39.724ns})
  Path Group:             clk_out1_clk_wiz_0
  Path Type:              Setup (Max at Slow Process Corner)
  Requirement:            39.724ns  (clk_out1_clk_wiz_0 rise@39.724ns - clk_out1_clk_wiz_0 rise@0.000ns)
  Data Path Delay:        17.904ns  (logic 0.456ns (2.547%)  route 17.448ns (97.453%))
  Logic Levels:           0  
  Clock Path Skew:        -0.143ns (DCD - SCD + CPR)
    Destination Clock Delay (DCD):    1.534ns = ( 41.257 - 39.724 ) 
    Source Clock Delay      (SCD):    1.681ns
    Clock Pessimism Removal (CPR):    0.004ns
  Clock Uncertainty:      0.145ns  ((TSJ^2 + DJ^2)^1/2) / 2 + PE
    Total System Jitter     (TSJ):    0.071ns
    Discrete Jitter          (DJ):    0.281ns
    Phase Error              (PE):    0.000ns

    Location             Delay type                Incr(ns)  Path(ns)    Netlist Resource(s)
  -------------------------------------------------------------------    -------------------
                         (clock clk_out1_clk_wiz_0 rise edge)
                                                      0.000     0.000 r  
    BUFGCTRL_X0Y0        BUFG                         0.000     0.000 r  clk_IBUF_BUFG_inst/O
                         net (fo=2128, routed)        1.677     1.677    vga/pll_inst/inst/clk_in1
    MMCME2_ADV_X0Y0      MMCME2_ADV (Prop_mmcme2_adv_CLKIN1_CLKOUT0)
                                                     -3.538    -1.861 r  vga/pll_inst/inst/mmcm_adv_inst/CLKOUT0
                         net (fo=1, routed)           1.760    -0.101    vga/pll_inst/inst/clk_out1_clk_wiz_0
    BUFGCTRL_X0Y1        BUFG (Prop_bufg_I_O)         0.101     0.000 r  vga/pll_inst/inst/clkout1_buf/O
                         net (fo=71, routed)          1.681     1.681    vga/VGA_H/CLK
    SLICE_X7Y6           FDRE                                         r  vga/VGA_H/h_count_reg[4]/C
  -------------------------------------------------------------------    -------------------
    SLICE_X7Y6           FDRE (Prop_fdre_C_Q)         0.456     2.137 r  vga/VGA_H/h_count_reg[4]/Q
                         net (fo=1373, routed)       17.448    19.585    <hidden>
    RAMB36_X1Y1          RAMB36E1                                     r  <hidden>
  -------------------------------------------------------------------    -------------------

                         (clock clk_out1_clk_wiz_0 rise edge)
                                                     39.724    39.724 r  
    BUFGCTRL_X0Y0        BUFG                         0.000    39.724 r  clk_IBUF_BUFG_inst/O
                         net (fo=2128, routed)        1.487    41.211    vga/pll_inst/inst/clk_in1
    MMCME2_ADV_X0Y0      MMCME2_ADV (Prop_mmcme2_adv_CLKIN1_CLKOUT0)
                                                     -3.177    38.033 r  vga/pll_inst/inst/mmcm_adv_inst/CLKOUT0
                         net (fo=1, routed)           1.599    39.633    vga/pll_inst/inst/clk_out1_clk_wiz_0
    BUFGCTRL_X0Y1        BUFG (Prop_bufg_I_O)         0.091    39.724 r  vga/pll_inst/inst/clkout1_buf/O
                         net (fo=71, routed)          1.534    41.257    <hidden>
    RAMB36_X1Y1          RAMB36E1                                     r  <hidden>
                         clock pessimism              0.004    41.261    
                         clock uncertainty           -0.145    41.116    
    RAMB36_X1Y1          RAMB36E1 (Setup_ramb36e1_CLKARDCLK_ADDRARDADDR[3])
                                                     -0.566    40.550    <hidden>
  -------------------------------------------------------------------
                         required time                         40.550    
                         arrival time                         -19.585    
  -------------------------------------------------------------------
                         slack                                 20.965    

Slack (MET) :             21.788ns  (required time - arrival time)
  Source:                 vga/VGA_V/v_count_reg[2]/C
                            (rising edge-triggered cell FDRE clocked by clk_out1_clk_wiz_0  {rise@0.000ns fall@19.862ns period=39.724ns})
  Destination:            <hidden>
                            (rising edge-triggered cell RAMB36E1 clocked by clk_out1_clk_wiz_0  {rise@0.000ns fall@19.862ns period=39.724ns})
  Path Group:             clk_out1_clk_wiz_0
  Path Type:              Setup (Max at Slow Process Corner)
  Requirement:            39.724ns  (clk_out1_clk_wiz_0 rise@39.724ns - clk_out1_clk_wiz_0 rise@0.000ns)
  Data Path Delay:        16.850ns  (logic 1.356ns (8.048%)  route 15.494ns (91.952%))
  Logic Levels:           3  (CARRY4=2 LUT2=1)
  Clock Path Skew:        -0.192ns (DCD - SCD + CPR)
    Destination Clock Delay (DCD):    1.531ns = ( 41.254 - 39.724 ) 
    Source Clock Delay      (SCD):    1.727ns
    Clock Pessimism Removal (CPR):    0.004ns
  Clock Uncertainty:      0.145ns  ((TSJ^2 + DJ^2)^1/2) / 2 + PE
    Total System Jitter     (TSJ):    0.071ns
    Discrete Jitter          (DJ):    0.281ns
    Phase Error              (PE):    0.000ns

    Location             Delay type                Incr(ns)  Path(ns)    Netlist Resource(s)
  -------------------------------------------------------------------    -------------------
                         (clock clk_out1_clk_wiz_0 rise edge)
                                                      0.000     0.000 r  
    BUFGCTRL_X0Y0        BUFG                         0.000     0.000 r  clk_IBUF_BUFG_inst/O
                         net (fo=2128, routed)        1.677     1.677    vga/pll_inst/inst/clk_in1
    MMCME2_ADV_X0Y0      MMCME2_ADV (Prop_mmcme2_adv_CLKIN1_CLKOUT0)
                                                     -3.538    -1.861 r  vga/pll_inst/inst/mmcm_adv_inst/CLKOUT0
                         net (fo=1, routed)           1.760    -0.101    vga/pll_inst/inst/clk_out1_clk_wiz_0
    BUFGCTRL_X0Y1        BUFG (Prop_bufg_I_O)         0.101     0.000 r  vga/pll_inst/inst/clkout1_buf/O
                         net (fo=71, routed)          1.727     1.727    vga/VGA_V/CLK
    SLICE_X2Y8           FDRE                                         r  vga/VGA_V/v_count_reg[2]/C
  -------------------------------------------------------------------    -------------------
    SLICE_X2Y8           FDRE (Prop_fdre_C_Q)         0.456     2.183 r  vga/VGA_V/v_count_reg[2]/Q
                         net (fo=8, routed)           0.331     2.514    vga/VGA_V/Q[0]
    SLICE_X5Y8           CARRY4 (Prop_carry4_S[0]_O[0])
                                                      0.371     2.885 r  vga/VGA_V/mem_i_6/O[0]
                         net (fo=2, routed)           0.566     3.451    vga/img_mem/DI[0]
    SLICE_X6Y8           LUT2 (Prop_lut2_I0_O)        0.299     3.750 r  vga/img_mem/mem_i_8/O
                         net (fo=1, routed)           0.000     3.750    vga/VGA_V/monoram[1]
    SLICE_X6Y8           CARRY4 (Prop_carry4_S[1]_O[1])
                                                      0.230     3.980 r  vga/VGA_V/mem_i_3/O[1]
                         net (fo=1366, routed)       14.596    18.577    <hidden>
    RAMB36_X1Y2          RAMB36E1                                     r  <hidden>
  -------------------------------------------------------------------    -------------------

                         (clock clk_out1_clk_wiz_0 rise edge)
                                                     39.724    39.724 r  
    BUFGCTRL_X0Y0        BUFG                         0.000    39.724 r  clk_IBUF_BUFG_inst/O
                         net (fo=2128, routed)        1.487    41.211    vga/pll_inst/inst/clk_in1
    MMCME2_ADV_X0Y0      MMCME2_ADV (Prop_mmcme2_adv_CLKIN1_CLKOUT0)
                                                     -3.177    38.033 r  vga/pll_inst/inst/mmcm_adv_inst/CLKOUT0
                         net (fo=1, routed)           1.599    39.633    vga/pll_inst/inst/clk_out1_clk_wiz_0
    BUFGCTRL_X0Y1        BUFG (Prop_bufg_I_O)         0.091    39.724 r  vga/pll_inst/inst/clkout1_buf/O
                         net (fo=71, routed)          1.531    41.254    <hidden>
    RAMB36_X1Y2          RAMB36E1                                     r  <hidden>
                         clock pessimism              0.004    41.258    
                         clock uncertainty           -0.145    41.113    
    RAMB36_X1Y2          RAMB36E1 (Setup_ramb36e1_CLKARDCLK_ADDRARDADDR[7])
                                                     -0.748    40.365    <hidden>
  -------------------------------------------------------------------
                         required time                         40.365    
                         arrival time                         -18.577    
  -------------------------------------------------------------------
                         slack                                 21.788    

Slack (MET) :             21.803ns  (required time - arrival time)
  Source:                 vga/VGA_V/v_count_reg[2]/C
                            (rising edge-triggered cell FDRE clocked by clk_out1_clk_wiz_0  {rise@0.000ns fall@19.862ns period=39.724ns})
  Destination:            <hidden>
                            (rising edge-triggered cell RAMB36E1 clocked by clk_out1_clk_wiz_0  {rise@0.000ns fall@19.862ns period=39.724ns})
  Path Group:             clk_out1_clk_wiz_0
  Path Type:              Setup (Max at Slow Process Corner)
  Requirement:            39.724ns  (clk_out1_clk_wiz_0 rise@39.724ns - clk_out1_clk_wiz_0 rise@0.000ns)
  Data Path Delay:        16.840ns  (logic 1.356ns (8.052%)  route 15.484ns (91.948%))
  Logic Levels:           3  (CARRY4=2 LUT2=1)
  Clock Path Skew:        -0.187ns (DCD - SCD + CPR)
    Destination Clock Delay (DCD):    1.536ns = ( 41.259 - 39.724 ) 
    Source Clock Delay      (SCD):    1.727ns
    Clock Pessimism Removal (CPR):    0.004ns
  Clock Uncertainty:      0.145ns  ((TSJ^2 + DJ^2)^1/2) / 2 + PE
    Total System Jitter     (TSJ):    0.071ns
    Discrete Jitter          (DJ):    0.281ns
    Phase Error              (PE):    0.000ns

    Location             Delay type                Incr(ns)  Path(ns)    Netlist Resource(s)
  -------------------------------------------------------------------    -------------------
                         (clock clk_out1_clk_wiz_0 rise edge)
                                                      0.000     0.000 r  
    BUFGCTRL_X0Y0        BUFG                         0.000     0.000 r  clk_IBUF_BUFG_inst/O
                         net (fo=2128, routed)        1.677     1.677    vga/pll_inst/inst/clk_in1
    MMCME2_ADV_X0Y0      MMCME2_ADV (Prop_mmcme2_adv_CLKIN1_CLKOUT0)
                                                     -3.538    -1.861 r  vga/pll_inst/inst/mmcm_adv_inst/CLKOUT0
                         net (fo=1, routed)           1.760    -0.101    vga/pll_inst/inst/clk_out1_clk_wiz_0
    BUFGCTRL_X0Y1        BUFG (Prop_bufg_I_O)         0.101     0.000 r  vga/pll_inst/inst/clkout1_buf/O
                         net (fo=71, routed)          1.727     1.727    vga/VGA_V/CLK
    SLICE_X2Y8           FDRE                                         r  vga/VGA_V/v_count_reg[2]/C
  -------------------------------------------------------------------    -------------------
    SLICE_X2Y8           FDRE (Prop_fdre_C_Q)         0.456     2.183 r  vga/VGA_V/v_count_reg[2]/Q
                         net (fo=8, routed)           0.331     2.514    vga/VGA_V/Q[0]
    SLICE_X5Y8           CARRY4 (Prop_carry4_S[0]_O[0])
                                                      0.371     2.885 r  vga/VGA_V/mem_i_6/O[0]
                         net (fo=2, routed)           0.566     3.451    vga/img_mem/DI[0]
    SLICE_X6Y8           LUT2 (Prop_lut2_I0_O)        0.299     3.750 r  vga/img_mem/mem_i_8/O
                         net (fo=1, routed)           0.000     3.750    vga/VGA_V/monoram[1]
    SLICE_X6Y8           CARRY4 (Prop_carry4_S[1]_O[1])
                                                      0.230     3.980 r  vga/VGA_V/mem_i_3/O[1]
                         net (fo=1366, routed)       14.586    18.567    <hidden>
    RAMB36_X1Y0          RAMB36E1                                     r  <hidden>
  -------------------------------------------------------------------    -------------------

                         (clock clk_out1_clk_wiz_0 rise edge)
                                                     39.724    39.724 r  
    BUFGCTRL_X0Y0        BUFG                         0.000    39.724 r  clk_IBUF_BUFG_inst/O
                         net (fo=2128, routed)        1.487    41.211    vga/pll_inst/inst/clk_in1
    MMCME2_ADV_X0Y0      MMCME2_ADV (Prop_mmcme2_adv_CLKIN1_CLKOUT0)
                                                     -3.177    38.033 r  vga/pll_inst/inst/mmcm_adv_inst/CLKOUT0
                         net (fo=1, routed)           1.599    39.633    vga/pll_inst/inst/clk_out1_clk_wiz_0
    BUFGCTRL_X0Y1        BUFG (Prop_bufg_I_O)         0.091    39.724 r  vga/pll_inst/inst/clkout1_buf/O
                         net (fo=71, routed)          1.536    41.259    <hidden>
    RAMB36_X1Y0          RAMB36E1                                     r  <hidden>
                         clock pessimism              0.004    41.263    
                         clock uncertainty           -0.145    41.118    
    RAMB36_X1Y0          RAMB36E1 (Setup_ramb36e1_CLKARDCLK_ADDRARDADDR[7])
                                                     -0.748    40.370    <hidden>
  -------------------------------------------------------------------
                         required time                         40.370    
                         arrival time                         -18.567    
  -------------------------------------------------------------------
                         slack                                 21.803    

Slack (MET) :             21.989ns  (required time - arrival time)
  Source:                 vga/VGA_H/h_count_reg[4]/C
                            (rising edge-triggered cell FDRE clocked by clk_out1_clk_wiz_0  {rise@0.000ns fall@19.862ns period=39.724ns})
  Destination:            <hidden>
                            (rising edge-triggered cell RAMB36E1 clocked by clk_out1_clk_wiz_0  {rise@0.000ns fall@19.862ns period=39.724ns})
  Path Group:             clk_out1_clk_wiz_0
  Path Type:              Setup (Max at Slow Process Corner)
  Requirement:            39.724ns  (clk_out1_clk_wiz_0 rise@39.724ns - clk_out1_clk_wiz_0 rise@0.000ns)
  Data Path Delay:        16.877ns  (logic 0.456ns (2.702%)  route 16.421ns (97.298%))
  Logic Levels:           0  
  Clock Path Skew:        -0.146ns (DCD - SCD + CPR)
    Destination Clock Delay (DCD):    1.531ns = ( 41.254 - 39.724 ) 
    Source Clock Delay      (SCD):    1.681ns
    Clock Pessimism Removal (CPR):    0.004ns
  Clock Uncertainty:      0.145ns  ((TSJ^2 + DJ^2)^1/2) / 2 + PE
    Total System Jitter     (TSJ):    0.071ns
    Discrete Jitter          (DJ):    0.281ns
    Phase Error              (PE):    0.000ns

    Location             Delay type                Incr(ns)  Path(ns)    Netlist Resource(s)
  -------------------------------------------------------------------    -------------------
                         (clock clk_out1_clk_wiz_0 rise edge)
                                                      0.000     0.000 r  
    BUFGCTRL_X0Y0        BUFG                         0.000     0.000 r  clk_IBUF_BUFG_inst/O
                         net (fo=2128, routed)        1.677     1.677    vga/pll_inst/inst/clk_in1
    MMCME2_ADV_X0Y0      MMCME2_ADV (Prop_mmcme2_adv_CLKIN1_CLKOUT0)
                                                     -3.538    -1.861 r  vga/pll_inst/inst/mmcm_adv_inst/CLKOUT0
                         net (fo=1, routed)           1.760    -0.101    vga/pll_inst/inst/clk_out1_clk_wiz_0
    BUFGCTRL_X0Y1        BUFG (Prop_bufg_I_O)         0.101     0.000 r  vga/pll_inst/inst/clkout1_buf/O
                         net (fo=71, routed)          1.681     1.681    vga/VGA_H/CLK
    SLICE_X7Y6           FDRE                                         r  vga/VGA_H/h_count_reg[4]/C
  -------------------------------------------------------------------    -------------------
    SLICE_X7Y6           FDRE (Prop_fdre_C_Q)         0.456     2.137 r  vga/VGA_H/h_count_reg[4]/Q
                         net (fo=1373, routed)       16.421    18.558    <hidden>
    RAMB36_X1Y2          RAMB36E1                                     r  <hidden>
  -------------------------------------------------------------------    -------------------

                         (clock clk_out1_clk_wiz_0 rise edge)
                                                     39.724    39.724 r  
    BUFGCTRL_X0Y0        BUFG                         0.000    39.724 r  clk_IBUF_BUFG_inst/O
                         net (fo=2128, routed)        1.487    41.211    vga/pll_inst/inst/clk_in1
    MMCME2_ADV_X0Y0      MMCME2_ADV (Prop_mmcme2_adv_CLKIN1_CLKOUT0)
                                                     -3.177    38.033 r  vga/pll_inst/inst/mmcm_adv_inst/CLKOUT0
                         net (fo=1, routed)           1.599    39.633    vga/pll_inst/inst/clk_out1_clk_wiz_0
    BUFGCTRL_X0Y1        BUFG (Prop_bufg_I_O)         0.091    39.724 r  vga/pll_inst/inst/clkout1_buf/O
                         net (fo=71, routed)          1.531    41.254    <hidden>
    RAMB36_X1Y2          RAMB36E1                                     r  <hidden>
                         clock pessimism              0.004    41.258    
                         clock uncertainty           -0.145    41.113    
    RAMB36_X1Y2          RAMB36E1 (Setup_ramb36e1_CLKARDCLK_ADDRARDADDR[3])
                                                     -0.566    40.547    <hidden>
  -------------------------------------------------------------------
                         required time                         40.547    
                         arrival time                         -18.558    
  -------------------------------------------------------------------
                         slack                                 21.989    

Slack (MET) :             22.139ns  (required time - arrival time)
  Source:                 vga/VGA_V/v_count_reg[2]/C
                            (rising edge-triggered cell FDRE clocked by clk_out1_clk_wiz_0  {rise@0.000ns fall@19.862ns period=39.724ns})
  Destination:            <hidden>
                            (rising edge-triggered cell RAMB36E1 clocked by clk_out1_clk_wiz_0  {rise@0.000ns fall@19.862ns period=39.724ns})
  Path Group:             clk_out1_clk_wiz_0
  Path Type:              Setup (Max at Slow Process Corner)
  Requirement:            39.724ns  (clk_out1_clk_wiz_0 rise@39.724ns - clk_out1_clk_wiz_0 rise@0.000ns)
  Data Path Delay:        16.502ns  (logic 1.356ns (8.217%)  route 15.146ns (91.783%))
  Logic Levels:           3  (CARRY4=2 LUT2=1)
  Clock Path Skew:        -0.189ns (DCD - SCD + CPR)
    Destination Clock Delay (DCD):    1.534ns = ( 41.257 - 39.724 ) 
    Source Clock Delay      (SCD):    1.727ns
    Clock Pessimism Removal (CPR):    0.004ns
  Clock Uncertainty:      0.145ns  ((TSJ^2 + DJ^2)^1/2) / 2 + PE
    Total System Jitter     (TSJ):    0.071ns
    Discrete Jitter          (DJ):    0.281ns
    Phase Error              (PE):    0.000ns

    Location             Delay type                Incr(ns)  Path(ns)    Netlist Resource(s)
  -------------------------------------------------------------------    -------------------
                         (clock clk_out1_clk_wiz_0 rise edge)
                                                      0.000     0.000 r  
    BUFGCTRL_X0Y0        BUFG                         0.000     0.000 r  clk_IBUF_BUFG_inst/O
                         net (fo=2128, routed)        1.677     1.677    vga/pll_inst/inst/clk_in1
    MMCME2_ADV_X0Y0      MMCME2_ADV (Prop_mmcme2_adv_CLKIN1_CLKOUT0)
                                                     -3.538    -1.861 r  vga/pll_inst/inst/mmcm_adv_inst/CLKOUT0
                         net (fo=1, routed)           1.760    -0.101    vga/pll_inst/inst/clk_out1_clk_wiz_0
    BUFGCTRL_X0Y1        BUFG (Prop_bufg_I_O)         0.101     0.000 r  vga/pll_inst/inst/clkout1_buf/O
                         net (fo=71, routed)          1.727     1.727    vga/VGA_V/CLK
    SLICE_X2Y8           FDRE                                         r  vga/VGA_V/v_count_reg[2]/C
  -------------------------------------------------------------------    -------------------
    SLICE_X2Y8           FDRE (Prop_fdre_C_Q)         0.456     2.183 r  vga/VGA_V/v_count_reg[2]/Q
                         net (fo=8, routed)           0.331     2.514    vga/VGA_V/Q[0]
    SLICE_X5Y8           CARRY4 (Prop_carry4_S[0]_O[0])
                                                      0.371     2.885 r  vga/VGA_V/mem_i_6/O[0]
                         net (fo=2, routed)           0.566     3.451    vga/img_mem/DI[0]
    SLICE_X6Y8           LUT2 (Prop_lut2_I0_O)        0.299     3.750 r  vga/img_mem/mem_i_8/O
                         net (fo=1, routed)           0.000     3.750    vga/VGA_V/monoram[1]
    SLICE_X6Y8           CARRY4 (Prop_carry4_S[1]_O[1])
                                                      0.230     3.980 r  vga/VGA_V/mem_i_3/O[1]
                         net (fo=1366, routed)       14.248    18.229    <hidden>
    RAMB36_X1Y1          RAMB36E1                                     r  <hidden>
  -------------------------------------------------------------------    -------------------

                         (clock clk_out1_clk_wiz_0 rise edge)
                                                     39.724    39.724 r  
    BUFGCTRL_X0Y0        BUFG                         0.000    39.724 r  clk_IBUF_BUFG_inst/O
                         net (fo=2128, routed)        1.487    41.211    vga/pll_inst/inst/clk_in1
    MMCME2_ADV_X0Y0      MMCME2_ADV (Prop_mmcme2_adv_CLKIN1_CLKOUT0)
                                                     -3.177    38.033 r  vga/pll_inst/inst/mmcm_adv_inst/CLKOUT0
                         net (fo=1, routed)           1.599    39.633    vga/pll_inst/inst/clk_out1_clk_wiz_0
    BUFGCTRL_X0Y1        BUFG (Prop_bufg_I_O)         0.091    39.724 r  vga/pll_inst/inst/clkout1_buf/O
                         net (fo=71, routed)          1.534    41.257    <hidden>
    RAMB36_X1Y1          RAMB36E1                                     r  <hidden>
                         clock pessimism              0.004    41.261    
                         clock uncertainty           -0.145    41.116    
    RAMB36_X1Y1          RAMB36E1 (Setup_ramb36e1_CLKARDCLK_ADDRARDADDR[7])
                                                     -0.748    40.368    <hidden>
  -------------------------------------------------------------------
                         required time                         40.368    
                         arrival time                         -18.229    
  -------------------------------------------------------------------
                         slack                                 22.139    

Slack (MET) :             22.321ns  (required time - arrival time)
  Source:                 vga/VGA_H/h_count_reg[4]/C
                            (rising edge-triggered cell FDRE clocked by clk_out1_clk_wiz_0  {rise@0.000ns fall@19.862ns period=39.724ns})
  Destination:            <hidden>
                            (rising edge-triggered cell RAMB36E1 clocked by clk_out1_clk_wiz_0  {rise@0.000ns fall@19.862ns period=39.724ns})
  Path Group:             clk_out1_clk_wiz_0
  Path Type:              Setup (Max at Slow Process Corner)
  Requirement:            39.724ns  (clk_out1_clk_wiz_0 rise@39.724ns - clk_out1_clk_wiz_0 rise@0.000ns)
  Data Path Delay:        16.539ns  (logic 0.456ns (2.757%)  route 16.083ns (97.243%))
  Logic Levels:           0  
  Clock Path Skew:        -0.152ns (DCD - SCD + CPR)
    Destination Clock Delay (DCD):    1.525ns = ( 41.248 - 39.724 ) 
    Source Clock Delay      (SCD):    1.681ns
    Clock Pessimism Removal (CPR):    0.004ns
  Clock Uncertainty:      0.145ns  ((TSJ^2 + DJ^2)^1/2) / 2 + PE
    Total System Jitter     (TSJ):    0.071ns
    Discrete Jitter          (DJ):    0.281ns
    Phase Error              (PE):    0.000ns

    Location             Delay type                Incr(ns)  Path(ns)    Netlist Resource(s)
  -------------------------------------------------------------------    -------------------
                         (clock clk_out1_clk_wiz_0 rise edge)
                                                      0.000     0.000 r  
    BUFGCTRL_X0Y0        BUFG                         0.000     0.000 r  clk_IBUF_BUFG_inst/O
                         net (fo=2128, routed)        1.677     1.677    vga/pll_inst/inst/clk_in1
    MMCME2_ADV_X0Y0      MMCME2_ADV (Prop_mmcme2_adv_CLKIN1_CLKOUT0)
                                                     -3.538    -1.861 r  vga/pll_inst/inst/mmcm_adv_inst/CLKOUT0
                         net (fo=1, routed)           1.760    -0.101    vga/pll_inst/inst/clk_out1_clk_wiz_0
    BUFGCTRL_X0Y1        BUFG (Prop_bufg_I_O)         0.101     0.000 r  vga/pll_inst/inst/clkout1_buf/O
                         net (fo=71, routed)          1.681     1.681    vga/VGA_H/CLK
    SLICE_X7Y6           FDRE                                         r  vga/VGA_H/h_count_reg[4]/C
  -------------------------------------------------------------------    -------------------
    SLICE_X7Y6           FDRE (Prop_fdre_C_Q)         0.456     2.137 r  vga/VGA_H/h_count_reg[4]/Q
                         net (fo=1373, routed)       16.083    18.220    <hidden>
    RAMB36_X1Y3          RAMB36E1                                     r  <hidden>
  -------------------------------------------------------------------    -------------------

                         (clock clk_out1_clk_wiz_0 rise edge)
                                                     39.724    39.724 r  
    BUFGCTRL_X0Y0        BUFG                         0.000    39.724 r  clk_IBUF_BUFG_inst/O
                         net (fo=2128, routed)        1.487    41.211    vga/pll_inst/inst/clk_in1
    MMCME2_ADV_X0Y0      MMCME2_ADV (Prop_mmcme2_adv_CLKIN1_CLKOUT0)
                                                     -3.177    38.033 r  vga/pll_inst/inst/mmcm_adv_inst/CLKOUT0
                         net (fo=1, routed)           1.599    39.633    vga/pll_inst/inst/clk_out1_clk_wiz_0
    BUFGCTRL_X0Y1        BUFG (Prop_bufg_I_O)         0.091    39.724 r  vga/pll_inst/inst/clkout1_buf/O
                         net (fo=71, routed)          1.525    41.248    <hidden>
    RAMB36_X1Y3          RAMB36E1                                     r  <hidden>
                         clock pessimism              0.004    41.252    
                         clock uncertainty           -0.145    41.107    
    RAMB36_X1Y3          RAMB36E1 (Setup_ramb36e1_CLKARDCLK_ADDRARDADDR[3])
                                                     -0.566    40.541    <hidden>
  -------------------------------------------------------------------
                         required time                         40.541    
                         arrival time                         -18.220    
  -------------------------------------------------------------------
                         slack                                 22.321    

Slack (MET) :             25.231ns  (required time - arrival time)
  Source:                 vga/VGA_H/h_count_reg[4]/C
                            (rising edge-triggered cell FDRE clocked by clk_out1_clk_wiz_0  {rise@0.000ns fall@19.862ns period=39.724ns})
  Destination:            <hidden>
                            (rising edge-triggered cell RAMB36E1 clocked by clk_out1_clk_wiz_0  {rise@0.000ns fall@19.862ns period=39.724ns})
  Path Group:             clk_out1_clk_wiz_0
  Path Type:              Setup (Max at Slow Process Corner)
  Requirement:            39.724ns  (clk_out1_clk_wiz_0 rise@39.724ns - clk_out1_clk_wiz_0 rise@0.000ns)
  Data Path Delay:        13.624ns  (logic 0.456ns (3.347%)  route 13.168ns (96.653%))
  Logic Levels:           0  
  Clock Path Skew:        -0.157ns (DCD - SCD + CPR)
    Destination Clock Delay (DCD):    1.520ns = ( 41.243 - 39.724 ) 
    Source Clock Delay      (SCD):    1.681ns
    Clock Pessimism Removal (CPR):    0.004ns
  Clock Uncertainty:      0.145ns  ((TSJ^2 + DJ^2)^1/2) / 2 + PE
    Total System Jitter     (TSJ):    0.071ns
    Discrete Jitter          (DJ):    0.281ns
    Phase Error              (PE):    0.000ns

    Location             Delay type                Incr(ns)  Path(ns)    Netlist Resource(s)
  -------------------------------------------------------------------    -------------------
                         (clock clk_out1_clk_wiz_0 rise edge)
                                                      0.000     0.000 r  
    BUFGCTRL_X0Y0        BUFG                         0.000     0.000 r  clk_IBUF_BUFG_inst/O
                         net (fo=2128, routed)        1.677     1.677    vga/pll_inst/inst/clk_in1
    MMCME2_ADV_X0Y0      MMCME2_ADV (Prop_mmcme2_adv_CLKIN1_CLKOUT0)
                                                     -3.538    -1.861 r  vga/pll_inst/inst/mmcm_adv_inst/CLKOUT0
                         net (fo=1, routed)           1.760    -0.101    vga/pll_inst/inst/clk_out1_clk_wiz_0
    BUFGCTRL_X0Y1        BUFG (Prop_bufg_I_O)         0.101     0.000 r  vga/pll_inst/inst/clkout1_buf/O
                         net (fo=71, routed)          1.681     1.681    vga/VGA_H/CLK
    SLICE_X7Y6           FDRE                                         r  vga/VGA_H/h_count_reg[4]/C
  -------------------------------------------------------------------    -------------------
    SLICE_X7Y6           FDRE (Prop_fdre_C_Q)         0.456     2.137 r  vga/VGA_H/h_count_reg[4]/Q
                         net (fo=1373, routed)       13.168    15.305    <hidden>
    RAMB36_X2Y4          RAMB36E1                                     r  <hidden>
  -------------------------------------------------------------------    -------------------

                         (clock clk_out1_clk_wiz_0 rise edge)
                                                     39.724    39.724 r  
    BUFGCTRL_X0Y0        BUFG                         0.000    39.724 r  clk_IBUF_BUFG_inst/O
                         net (fo=2128, routed)        1.487    41.211    vga/pll_inst/inst/clk_in1
    MMCME2_ADV_X0Y0      MMCME2_ADV (Prop_mmcme2_adv_CLKIN1_CLKOUT0)
                                                     -3.177    38.033 r  vga/pll_inst/inst/mmcm_adv_inst/CLKOUT0
                         net (fo=1, routed)           1.599    39.633    vga/pll_inst/inst/clk_out1_clk_wiz_0
    BUFGCTRL_X0Y1        BUFG (Prop_bufg_I_O)         0.091    39.724 r  vga/pll_inst/inst/clkout1_buf/O
                         net (fo=71, routed)          1.520    41.243    <hidden>
    RAMB36_X2Y4          RAMB36E1                                     r  <hidden>
                         clock pessimism              0.004    41.247    
                         clock uncertainty           -0.145    41.102    
    RAMB36_X2Y4          RAMB36E1 (Setup_ramb36e1_CLKARDCLK_ADDRARDADDR[3])
                                                     -0.566    40.536    <hidden>
  -------------------------------------------------------------------
                         required time                         40.536    
                         arrival time                         -15.305    
  -------------------------------------------------------------------
                         slack                                 25.231    

Slack (MET) :             25.287ns  (required time - arrival time)
  Source:                 vga/VGA_V/v_count_reg[2]/C
                            (rising edge-triggered cell FDRE clocked by clk_out1_clk_wiz_0  {rise@0.000ns fall@19.862ns period=39.724ns})
  Destination:            <hidden>
                            (rising edge-triggered cell RAMB36E1 clocked by clk_out1_clk_wiz_0  {rise@0.000ns fall@19.862ns period=39.724ns})
  Path Group:             clk_out1_clk_wiz_0
  Path Type:              Setup (Max at Slow Process Corner)
  Requirement:            39.724ns  (clk_out1_clk_wiz_0 rise@39.724ns - clk_out1_clk_wiz_0 rise@0.000ns)
  Data Path Delay:        13.361ns  (logic 1.549ns (11.593%)  route 11.812ns (88.407%))
  Logic Levels:           2  (CARRY4=2)
  Clock Path Skew:        -0.187ns (DCD - SCD + CPR)
    Destination Clock Delay (DCD):    1.536ns = ( 41.259 - 39.724 ) 
    Source Clock Delay      (SCD):    1.727ns
    Clock Pessimism Removal (CPR):    0.004ns
  Clock Uncertainty:      0.145ns  ((TSJ^2 + DJ^2)^1/2) / 2 + PE
    Total System Jitter     (TSJ):    0.071ns
    Discrete Jitter          (DJ):    0.281ns
    Phase Error              (PE):    0.000ns

    Location             Delay type                Incr(ns)  Path(ns)    Netlist Resource(s)
  -------------------------------------------------------------------    -------------------
                         (clock clk_out1_clk_wiz_0 rise edge)
                                                      0.000     0.000 r  
    BUFGCTRL_X0Y0        BUFG                         0.000     0.000 r  clk_IBUF_BUFG_inst/O
                         net (fo=2128, routed)        1.677     1.677    vga/pll_inst/inst/clk_in1
    MMCME2_ADV_X0Y0      MMCME2_ADV (Prop_mmcme2_adv_CLKIN1_CLKOUT0)
                                                     -3.538    -1.861 r  vga/pll_inst/inst/mmcm_adv_inst/CLKOUT0
                         net (fo=1, routed)           1.760    -0.101    vga/pll_inst/inst/clk_out1_clk_wiz_0
    BUFGCTRL_X0Y1        BUFG (Prop_bufg_I_O)         0.101     0.000 r  vga/pll_inst/inst/clkout1_buf/O
                         net (fo=71, routed)          1.727     1.727    vga/VGA_V/CLK
    SLICE_X2Y8           FDRE                                         r  vga/VGA_V/v_count_reg[2]/C
  -------------------------------------------------------------------    -------------------
    SLICE_X2Y8           FDRE (Prop_fdre_C_Q)         0.456     2.183 r  vga/VGA_V/v_count_reg[2]/Q
                         net (fo=8, routed)           0.331     2.514    vga/VGA_V/Q[0]
    SLICE_X5Y8           CARRY4 (Prop_carry4_S[0]_O[0])
                                                      0.371     2.885 r  vga/VGA_V/mem_i_6/O[0]
                         net (fo=2, routed)           0.783     3.669    vga/VGA_V/DI[1]
    SLICE_X6Y8           CARRY4 (Prop_carry4_DI[1]_O[2])
                                                      0.722     4.391 r  vga/VGA_V/mem_i_3/O[2]
                         net (fo=1366, routed)       10.697    15.088    <hidden>
    RAMB36_X1Y0          RAMB36E1                                     r  <hidden>
  -------------------------------------------------------------------    -------------------

                         (clock clk_out1_clk_wiz_0 rise edge)
                                                     39.724    39.724 r  
    BUFGCTRL_X0Y0        BUFG                         0.000    39.724 r  clk_IBUF_BUFG_inst/O
                         net (fo=2128, routed)        1.487    41.211    vga/pll_inst/inst/clk_in1
    MMCME2_ADV_X0Y0      MMCME2_ADV (Prop_mmcme2_adv_CLKIN1_CLKOUT0)
                                                     -3.177    38.033 r  vga/pll_inst/inst/mmcm_adv_inst/CLKOUT0
                         net (fo=1, routed)           1.599    39.633    vga/pll_inst/inst/clk_out1_clk_wiz_0
    BUFGCTRL_X0Y1        BUFG (Prop_bufg_I_O)         0.091    39.724 r  vga/pll_inst/inst/clkout1_buf/O
                         net (fo=71, routed)          1.536    41.259    <hidden>
    RAMB36_X1Y0          RAMB36E1                                     r  <hidden>
                         clock pessimism              0.004    41.263    
                         clock uncertainty           -0.145    41.118    
    RAMB36_X1Y0          RAMB36E1 (Setup_ramb36e1_CLKARDCLK_ADDRARDADDR[8])
                                                     -0.743    40.375    <hidden>
  -------------------------------------------------------------------
                         required time                         40.375    
                         arrival time                         -15.088    
  -------------------------------------------------------------------
                         slack                                 25.287    

Slack (MET) :             25.575ns  (required time - arrival time)
  Source:                 vga/VGA_H/h_count_reg[4]/C
                            (rising edge-triggered cell FDRE clocked by clk_out1_clk_wiz_0  {rise@0.000ns fall@19.862ns period=39.724ns})
  Destination:            <hidden>
                            (rising edge-triggered cell RAMB36E1 clocked by clk_out1_clk_wiz_0  {rise@0.000ns fall@19.862ns period=39.724ns})
  Path Group:             clk_out1_clk_wiz_0
  Path Type:              Setup (Max at Slow Process Corner)
  Requirement:            39.724ns  (clk_out1_clk_wiz_0 rise@39.724ns - clk_out1_clk_wiz_0 rise@0.000ns)
  Data Path Delay:        13.286ns  (logic 0.456ns (3.432%)  route 12.830ns (96.568%))
  Logic Levels:           0  
  Clock Path Skew:        -0.151ns (DCD - SCD + CPR)
    Destination Clock Delay (DCD):    1.526ns = ( 41.249 - 39.724 ) 
    Source Clock Delay      (SCD):    1.681ns
    Clock Pessimism Removal (CPR):    0.004ns
  Clock Uncertainty:      0.145ns  ((TSJ^2 + DJ^2)^1/2) / 2 + PE
    Total System Jitter     (TSJ):    0.071ns
    Discrete Jitter          (DJ):    0.281ns
    Phase Error              (PE):    0.000ns

    Location             Delay type                Incr(ns)  Path(ns)    Netlist Resource(s)
  -------------------------------------------------------------------    -------------------
                         (clock clk_out1_clk_wiz_0 rise edge)
                                                      0.000     0.000 r  
    BUFGCTRL_X0Y0        BUFG                         0.000     0.000 r  clk_IBUF_BUFG_inst/O
                         net (fo=2128, routed)        1.677     1.677    vga/pll_inst/inst/clk_in1
    MMCME2_ADV_X0Y0      MMCME2_ADV (Prop_mmcme2_adv_CLKIN1_CLKOUT0)
                                                     -3.538    -1.861 r  vga/pll_inst/inst/mmcm_adv_inst/CLKOUT0
                         net (fo=1, routed)           1.760    -0.101    vga/pll_inst/inst/clk_out1_clk_wiz_0
    BUFGCTRL_X0Y1        BUFG (Prop_bufg_I_O)         0.101     0.000 r  vga/pll_inst/inst/clkout1_buf/O
                         net (fo=71, routed)          1.681     1.681    vga/VGA_H/CLK
    SLICE_X7Y6           FDRE                                         r  vga/VGA_H/h_count_reg[4]/C
  -------------------------------------------------------------------    -------------------
    SLICE_X7Y6           FDRE (Prop_fdre_C_Q)         0.456     2.137 r  vga/VGA_H/h_count_reg[4]/Q
                         net (fo=1373, routed)       12.830    14.967    <hidden>
    RAMB36_X2Y5          RAMB36E1                                     r  <hidden>
  -------------------------------------------------------------------    -------------------

                         (clock clk_out1_clk_wiz_0 rise edge)
                                                     39.724    39.724 r  
    BUFGCTRL_X0Y0        BUFG                         0.000    39.724 r  clk_IBUF_BUFG_inst/O
                         net (fo=2128, routed)        1.487    41.211    vga/pll_inst/inst/clk_in1
    MMCME2_ADV_X0Y0      MMCME2_ADV (Prop_mmcme2_adv_CLKIN1_CLKOUT0)
                                                     -3.177    38.033 r  vga/pll_inst/inst/mmcm_adv_inst/CLKOUT0
                         net (fo=1, routed)           1.599    39.633    vga/pll_inst/inst/clk_out1_clk_wiz_0
    BUFGCTRL_X0Y1        BUFG (Prop_bufg_I_O)         0.091    39.724 r  vga/pll_inst/inst/clkout1_buf/O
                         net (fo=71, routed)          1.526    41.249    <hidden>
    RAMB36_X2Y5          RAMB36E1                                     r  <hidden>
                         clock pessimism              0.004    41.253    
                         clock uncertainty           -0.145    41.108    
    RAMB36_X2Y5          RAMB36E1 (Setup_ramb36e1_CLKARDCLK_ADDRARDADDR[3])
                                                     -0.566    40.542    <hidden>
  -------------------------------------------------------------------
                         required time                         40.542    
                         arrival time                         -14.967    
  -------------------------------------------------------------------
                         slack                                 25.575    





Min Delay Paths
--------------------------------------------------------------------------------------
Slack (MET) :             0.085ns  (arrival time - required time)
  Source:                 vga/VGA_H/h_count_reg[6]/C
                            (rising edge-triggered cell FDRE clocked by clk_out1_clk_wiz_0  {rise@0.000ns fall@19.862ns period=39.724ns})
  Destination:            <hidden>
                            (rising edge-triggered cell RAMB18E1 clocked by clk_out1_clk_wiz_0  {rise@0.000ns fall@19.862ns period=39.724ns})
  Path Group:             clk_out1_clk_wiz_0
  Path Type:              Hold (Min at Fast Process Corner)
  Requirement:            0.000ns  (clk_out1_clk_wiz_0 rise@0.000ns - clk_out1_clk_wiz_0 rise@0.000ns)
  Data Path Delay:        0.326ns  (logic 0.141ns (43.303%)  route 0.185ns (56.697%))
  Logic Levels:           0  
  Clock Path Skew:        0.057ns (DCD - SCD - CPR)
    Destination Clock Delay (DCD):    0.875ns
    Source Clock Delay      (SCD):    0.566ns
    Clock Pessimism Removal (CPR):    0.252ns

    Location             Delay type                Incr(ns)  Path(ns)    Netlist Resource(s)
  -------------------------------------------------------------------    -------------------
                         (clock clk_out1_clk_wiz_0 rise edge)
                                                      0.000     0.000 r  
    BUFGCTRL_X0Y0        BUFG                         0.000     0.000 r  clk_IBUF_BUFG_inst/O
                         net (fo=2128, routed)        0.546     0.546    vga/pll_inst/inst/clk_in1
    MMCME2_ADV_X0Y0      MMCME2_ADV (Prop_mmcme2_adv_CLKIN1_CLKOUT0)
                                                     -1.053    -0.508 r  vga/pll_inst/inst/mmcm_adv_inst/CLKOUT0
                         net (fo=1, routed)           0.482    -0.026    vga/pll_inst/inst/clk_out1_clk_wiz_0
    BUFGCTRL_X0Y1        BUFG (Prop_bufg_I_O)         0.026     0.000 r  vga/pll_inst/inst/clkout1_buf/O
                         net (fo=71, routed)          0.566     0.566    vga/VGA_H/CLK
    SLICE_X7Y6           FDRE                                         r  vga/VGA_H/h_count_reg[6]/C
  -------------------------------------------------------------------    -------------------
    SLICE_X7Y6           FDRE (Prop_fdre_C_Q)         0.141     0.707 r  vga/VGA_H/h_count_reg[6]/Q
                         net (fo=1372, routed)        0.185     0.891    <hidden>
    RAMB18_X0Y3          RAMB18E1                                     r  <hidden>
  -------------------------------------------------------------------    -------------------

                         (clock clk_out1_clk_wiz_0 rise edge)
                                                      0.000     0.000 r  
    BUFGCTRL_X0Y0        BUFG                         0.000     0.000 r  clk_IBUF_BUFG_inst/O
                         net (fo=2128, routed)        0.812     0.812    vga/pll_inst/inst/clk_in1
    MMCME2_ADV_X0Y0      MMCME2_ADV (Prop_mmcme2_adv_CLKIN1_CLKOUT0)
                                                     -1.369    -0.557 r  vga/pll_inst/inst/mmcm_adv_inst/CLKOUT0
                         net (fo=1, routed)           0.528    -0.029    vga/pll_inst/inst/clk_out1_clk_wiz_0
    BUFGCTRL_X0Y1        BUFG (Prop_bufg_I_O)         0.029    -0.000 r  vga/pll_inst/inst/clkout1_buf/O
                         net (fo=71, routed)          0.875     0.875    <hidden>
    RAMB18_X0Y3          RAMB18E1                                     r  <hidden>
                         clock pessimism             -0.252     0.623    
    RAMB18_X0Y3          RAMB18E1 (Hold_ramb18e1_CLKARDCLK_ADDRARDADDR[7])
                                                      0.183     0.806    <hidden>
  -------------------------------------------------------------------
                         required time                         -0.806    
                         arrival time                           0.891    
  -------------------------------------------------------------------
                         slack                                  0.085    

Slack (MET) :             0.120ns  (arrival time - required time)
  Source:                 vga/VGA_H/h_count_reg[1]/C
                            (rising edge-triggered cell FDRE clocked by clk_out1_clk_wiz_0  {rise@0.000ns fall@19.862ns period=39.724ns})
  Destination:            <hidden>
                            (rising edge-triggered cell RAMB18E1 clocked by clk_out1_clk_wiz_0  {rise@0.000ns fall@19.862ns period=39.724ns})
  Path Group:             clk_out1_clk_wiz_0
  Path Type:              Hold (Min at Fast Process Corner)
  Requirement:            0.000ns  (clk_out1_clk_wiz_0 rise@0.000ns - clk_out1_clk_wiz_0 rise@0.000ns)
  Data Path Delay:        0.361ns  (logic 0.141ns (39.061%)  route 0.220ns (60.939%))
  Logic Levels:           0  
  Clock Path Skew:        0.057ns (DCD - SCD - CPR)
    Destination Clock Delay (DCD):    0.875ns
    Source Clock Delay      (SCD):    0.566ns
    Clock Pessimism Removal (CPR):    0.252ns

    Location             Delay type                Incr(ns)  Path(ns)    Netlist Resource(s)
  -------------------------------------------------------------------    -------------------
                         (clock clk_out1_clk_wiz_0 rise edge)
                                                      0.000     0.000 r  
    BUFGCTRL_X0Y0        BUFG                         0.000     0.000 r  clk_IBUF_BUFG_inst/O
                         net (fo=2128, routed)        0.546     0.546    vga/pll_inst/inst/clk_in1
    MMCME2_ADV_X0Y0      MMCME2_ADV (Prop_mmcme2_adv_CLKIN1_CLKOUT0)
                                                     -1.053    -0.508 r  vga/pll_inst/inst/mmcm_adv_inst/CLKOUT0
                         net (fo=1, routed)           0.482    -0.026    vga/pll_inst/inst/clk_out1_clk_wiz_0
    BUFGCTRL_X0Y1        BUFG (Prop_bufg_I_O)         0.026     0.000 r  vga/pll_inst/inst/clkout1_buf/O
                         net (fo=71, routed)          0.566     0.566    vga/VGA_H/CLK
    SLICE_X7Y6           FDRE                                         r  vga/VGA_H/h_count_reg[1]/C
  -------------------------------------------------------------------    -------------------
    SLICE_X7Y6           FDRE (Prop_fdre_C_Q)         0.141     0.707 r  vga/VGA_H/h_count_reg[1]/Q
                         net (fo=25, routed)          0.220     0.927    <hidden>
    RAMB18_X0Y2          RAMB18E1                                     r  <hidden>
  -------------------------------------------------------------------    -------------------

                         (clock clk_out1_clk_wiz_0 rise edge)
                                                      0.000     0.000 r  
    BUFGCTRL_X0Y0        BUFG                         0.000     0.000 r  clk_IBUF_BUFG_inst/O
                         net (fo=2128, routed)        0.812     0.812    vga/pll_inst/inst/clk_in1
    MMCME2_ADV_X0Y0      MMCME2_ADV (Prop_mmcme2_adv_CLKIN1_CLKOUT0)
                                                     -1.369    -0.557 r  vga/pll_inst/inst/mmcm_adv_inst/CLKOUT0
                         net (fo=1, routed)           0.528    -0.029    vga/pll_inst/inst/clk_out1_clk_wiz_0
    BUFGCTRL_X0Y1        BUFG (Prop_bufg_I_O)         0.029    -0.000 r  vga/pll_inst/inst/clkout1_buf/O
                         net (fo=71, routed)          0.875     0.875    <hidden>
    RAMB18_X0Y2          RAMB18E1                                     r  <hidden>
                         clock pessimism             -0.252     0.623    
    RAMB18_X0Y2          RAMB18E1 (Hold_ramb18e1_CLKARDCLK_ADDRARDADDR[1])
                                                      0.183     0.806    <hidden>
  -------------------------------------------------------------------
                         required time                         -0.806    
                         arrival time                           0.927    
  -------------------------------------------------------------------
                         slack                                  0.120    

Slack (MET) :             0.168ns  (arrival time - required time)
  Source:                 vga/VGA_H/h_count_reg[4]/C
                            (rising edge-triggered cell FDRE clocked by clk_out1_clk_wiz_0  {rise@0.000ns fall@19.862ns period=39.724ns})
  Destination:            <hidden>
                            (rising edge-triggered cell RAMB18E1 clocked by clk_out1_clk_wiz_0  {rise@0.000ns fall@19.862ns period=39.724ns})
  Path Group:             clk_out1_clk_wiz_0
  Path Type:              Hold (Min at Fast Process Corner)
  Requirement:            0.000ns  (clk_out1_clk_wiz_0 rise@0.000ns - clk_out1_clk_wiz_0 rise@0.000ns)
  Data Path Delay:        0.409ns  (logic 0.141ns (34.508%)  route 0.268ns (65.492%))
  Logic Levels:           0  
  Clock Path Skew:        0.057ns (DCD - SCD - CPR)
    Destination Clock Delay (DCD):    0.875ns
    Source Clock Delay      (SCD):    0.566ns
    Clock Pessimism Removal (CPR):    0.252ns

    Location             Delay type                Incr(ns)  Path(ns)    Netlist Resource(s)
  -------------------------------------------------------------------    -------------------
                         (clock clk_out1_clk_wiz_0 rise edge)
                                                      0.000     0.000 r  
    BUFGCTRL_X0Y0        BUFG                         0.000     0.000 r  clk_IBUF_BUFG_inst/O
                         net (fo=2128, routed)        0.546     0.546    vga/pll_inst/inst/clk_in1
    MMCME2_ADV_X0Y0      MMCME2_ADV (Prop_mmcme2_adv_CLKIN1_CLKOUT0)
                                                     -1.053    -0.508 r  vga/pll_inst/inst/mmcm_adv_inst/CLKOUT0
                         net (fo=1, routed)           0.482    -0.026    vga/pll_inst/inst/clk_out1_clk_wiz_0
    BUFGCTRL_X0Y1        BUFG (Prop_bufg_I_O)         0.026     0.000 r  vga/pll_inst/inst/clkout1_buf/O
                         net (fo=71, routed)          0.566     0.566    vga/VGA_H/CLK
    SLICE_X7Y6           FDRE                                         r  vga/VGA_H/h_count_reg[4]/C
  -------------------------------------------------------------------    -------------------
    SLICE_X7Y6           FDRE (Prop_fdre_C_Q)         0.141     0.707 r  vga/VGA_H/h_count_reg[4]/Q
                         net (fo=1373, routed)        0.268     0.974    <hidden>
    RAMB18_X0Y3          RAMB18E1                                     r  <hidden>
  -------------------------------------------------------------------    -------------------

                         (clock clk_out1_clk_wiz_0 rise edge)
                                                      0.000     0.000 r  
    BUFGCTRL_X0Y0        BUFG                         0.000     0.000 r  clk_IBUF_BUFG_inst/O
                         net (fo=2128, routed)        0.812     0.812    vga/pll_inst/inst/clk_in1
    MMCME2_ADV_X0Y0      MMCME2_ADV (Prop_mmcme2_adv_CLKIN1_CLKOUT0)
                                                     -1.369    -0.557 r  vga/pll_inst/inst/mmcm_adv_inst/CLKOUT0
                         net (fo=1, routed)           0.528    -0.029    vga/pll_inst/inst/clk_out1_clk_wiz_0
    BUFGCTRL_X0Y1        BUFG (Prop_bufg_I_O)         0.029    -0.000 r  vga/pll_inst/inst/clkout1_buf/O
                         net (fo=71, routed)          0.875     0.875    <hidden>
    RAMB18_X0Y3          RAMB18E1                                     r  <hidden>
                         clock pessimism             -0.252     0.623    
    RAMB18_X0Y3          RAMB18E1 (Hold_ramb18e1_CLKARDCLK_ADDRARDADDR[5])
                                                      0.183     0.806    <hidden>
  -------------------------------------------------------------------
                         required time                         -0.806    
                         arrival time                           0.974    
  -------------------------------------------------------------------
                         slack                                  0.168    

Slack (MET) :             0.180ns  (arrival time - required time)
  Source:                 vga/VGA_V/v_count_reg[0]/C
                            (rising edge-triggered cell FDRE clocked by clk_out1_clk_wiz_0  {rise@0.000ns fall@19.862ns period=39.724ns})
  Destination:            vga/VGA_V/v_count_reg[5]/D
                            (rising edge-triggered cell FDRE clocked by clk_out1_clk_wiz_0  {rise@0.000ns fall@19.862ns period=39.724ns})
  Path Group:             clk_out1_clk_wiz_0
  Path Type:              Hold (Min at Fast Process Corner)
  Requirement:            0.000ns  (clk_out1_clk_wiz_0 rise@0.000ns - clk_out1_clk_wiz_0 rise@0.000ns)
  Data Path Delay:        0.284ns  (logic 0.186ns (65.536%)  route 0.098ns (34.464%))
  Logic Levels:           1  (LUT6=1)
  Clock Path Skew:        0.013ns (DCD - SCD - CPR)
    Destination Clock Delay (DCD):    0.852ns
    Source Clock Delay      (SCD):    0.584ns
    Clock Pessimism Removal (CPR):    0.255ns

    Location             Delay type                Incr(ns)  Path(ns)    Netlist Resource(s)
  -------------------------------------------------------------------    -------------------
                         (clock clk_out1_clk_wiz_0 rise edge)
                                                      0.000     0.000 r  
    BUFGCTRL_X0Y0        BUFG                         0.000     0.000 r  clk_IBUF_BUFG_inst/O
                         net (fo=2128, routed)        0.546     0.546    vga/pll_inst/inst/clk_in1
    MMCME2_ADV_X0Y0      MMCME2_ADV (Prop_mmcme2_adv_CLKIN1_CLKOUT0)
                                                     -1.053    -0.508 r  vga/pll_inst/inst/mmcm_adv_inst/CLKOUT0
                         net (fo=1, routed)           0.482    -0.026    vga/pll_inst/inst/clk_out1_clk_wiz_0
    BUFGCTRL_X0Y1        BUFG (Prop_bufg_I_O)         0.026     0.000 r  vga/pll_inst/inst/clkout1_buf/O
                         net (fo=71, routed)          0.584     0.584    vga/VGA_V/CLK
    SLICE_X2Y8           FDRE                                         r  vga/VGA_V/v_count_reg[0]/C
  -------------------------------------------------------------------    -------------------
    SLICE_X2Y8           FDRE (Prop_fdre_C_Q)         0.141     0.725 r  vga/VGA_V/v_count_reg[0]/Q
                         net (fo=7, routed)           0.098     0.822    vga/VGA_V/v_count_reg_n_1_[0]
    SLICE_X3Y8           LUT6 (Prop_lut6_I1_O)        0.045     0.867 r  vga/VGA_V/v_count[5]_i_1/O
                         net (fo=1, routed)           0.000     0.867    vga/VGA_V/p_0_in__0[5]
    SLICE_X3Y8           FDRE                                         r  vga/VGA_V/v_count_reg[5]/D
  -------------------------------------------------------------------    -------------------

                         (clock clk_out1_clk_wiz_0 rise edge)
                                                      0.000     0.000 r  
    BUFGCTRL_X0Y0        BUFG                         0.000     0.000 r  clk_IBUF_BUFG_inst/O
                         net (fo=2128, routed)        0.812     0.812    vga/pll_inst/inst/clk_in1
    MMCME2_ADV_X0Y0      MMCME2_ADV (Prop_mmcme2_adv_CLKIN1_CLKOUT0)
                                                     -1.369    -0.557 r  vga/pll_inst/inst/mmcm_adv_inst/CLKOUT0
                         net (fo=1, routed)           0.528    -0.029    vga/pll_inst/inst/clk_out1_clk_wiz_0
    BUFGCTRL_X0Y1        BUFG (Prop_bufg_I_O)         0.029    -0.000 r  vga/pll_inst/inst/clkout1_buf/O
                         net (fo=71, routed)          0.852     0.852    vga/VGA_V/CLK
    SLICE_X3Y8           FDRE                                         r  vga/VGA_V/v_count_reg[5]/C
                         clock pessimism             -0.255     0.597    
    SLICE_X3Y8           FDRE (Hold_fdre_C_D)         0.091     0.688    vga/VGA_V/v_count_reg[5]
  -------------------------------------------------------------------
                         required time                         -0.688    
                         arrival time                           0.867    
  -------------------------------------------------------------------
                         slack                                  0.180    

Slack (MET) :             0.184ns  (arrival time - required time)
  Source:                 vga/VGA_H/h_count_reg[6]/C
                            (rising edge-triggered cell FDRE clocked by clk_out1_clk_wiz_0  {rise@0.000ns fall@19.862ns period=39.724ns})
  Destination:            <hidden>
                            (rising edge-triggered cell RAMB18E1 clocked by clk_out1_clk_wiz_0  {rise@0.000ns fall@19.862ns period=39.724ns})
  Path Group:             clk_out1_clk_wiz_0
  Path Type:              Hold (Min at Fast Process Corner)
  Requirement:            0.000ns  (clk_out1_clk_wiz_0 rise@0.000ns - clk_out1_clk_wiz_0 rise@0.000ns)
  Data Path Delay:        0.424ns  (logic 0.141ns (33.238%)  route 0.283ns (66.762%))
  Logic Levels:           0  
  Clock Path Skew:        0.057ns (DCD - SCD - CPR)
    Destination Clock Delay (DCD):    0.875ns
    Source Clock Delay      (SCD):    0.566ns
    Clock Pessimism Removal (CPR):    0.252ns

    Location             Delay type                Incr(ns)  Path(ns)    Netlist Resource(s)
  -------------------------------------------------------------------    -------------------
                         (clock clk_out1_clk_wiz_0 rise edge)
                                                      0.000     0.000 r  
    BUFGCTRL_X0Y0        BUFG                         0.000     0.000 r  clk_IBUF_BUFG_inst/O
                         net (fo=2128, routed)        0.546     0.546    vga/pll_inst/inst/clk_in1
    MMCME2_ADV_X0Y0      MMCME2_ADV (Prop_mmcme2_adv_CLKIN1_CLKOUT0)
                                                     -1.053    -0.508 r  vga/pll_inst/inst/mmcm_adv_inst/CLKOUT0
                         net (fo=1, routed)           0.482    -0.026    vga/pll_inst/inst/clk_out1_clk_wiz_0
    BUFGCTRL_X0Y1        BUFG (Prop_bufg_I_O)         0.026     0.000 r  vga/pll_inst/inst/clkout1_buf/O
                         net (fo=71, routed)          0.566     0.566    vga/VGA_H/CLK
    SLICE_X7Y6           FDRE                                         r  vga/VGA_H/h_count_reg[6]/C
  -------------------------------------------------------------------    -------------------
    SLICE_X7Y6           FDRE (Prop_fdre_C_Q)         0.141     0.707 r  vga/VGA_H/h_count_reg[6]/Q
                         net (fo=1372, routed)        0.283     0.990    <hidden>
    RAMB18_X0Y2          RAMB18E1                                     r  <hidden>
  -------------------------------------------------------------------    -------------------

                         (clock clk_out1_clk_wiz_0 rise edge)
                                                      0.000     0.000 r  
    BUFGCTRL_X0Y0        BUFG                         0.000     0.000 r  clk_IBUF_BUFG_inst/O
                         net (fo=2128, routed)        0.812     0.812    vga/pll_inst/inst/clk_in1
    MMCME2_ADV_X0Y0      MMCME2_ADV (Prop_mmcme2_adv_CLKIN1_CLKOUT0)
                                                     -1.369    -0.557 r  vga/pll_inst/inst/mmcm_adv_inst/CLKOUT0
                         net (fo=1, routed)           0.528    -0.029    vga/pll_inst/inst/clk_out1_clk_wiz_0
    BUFGCTRL_X0Y1        BUFG (Prop_bufg_I_O)         0.029    -0.000 r  vga/pll_inst/inst/clkout1_buf/O
                         net (fo=71, routed)          0.875     0.875    <hidden>
    RAMB18_X0Y2          RAMB18E1                                     r  <hidden>
                         clock pessimism             -0.252     0.623    
    RAMB18_X0Y2          RAMB18E1 (Hold_ramb18e1_CLKARDCLK_ADDRARDADDR[6])
                                                      0.183     0.806    <hidden>
  -------------------------------------------------------------------
                         required time                         -0.806    
                         arrival time                           0.990    
  -------------------------------------------------------------------
                         slack                                  0.184    

Slack (MET) :             0.190ns  (arrival time - required time)
  Source:                 vga/VGA_H/h_count_reg[1]/C
                            (rising edge-triggered cell FDRE clocked by clk_out1_clk_wiz_0  {rise@0.000ns fall@19.862ns period=39.724ns})
  Destination:            <hidden>
                            (rising edge-triggered cell RAMB18E1 clocked by clk_out1_clk_wiz_0  {rise@0.000ns fall@19.862ns period=39.724ns})
  Path Group:             clk_out1_clk_wiz_0
  Path Type:              Hold (Min at Fast Process Corner)
  Requirement:            0.000ns  (clk_out1_clk_wiz_0 rise@0.000ns - clk_out1_clk_wiz_0 rise@0.000ns)
  Data Path Delay:        0.430ns  (logic 0.141ns (32.771%)  route 0.289ns (67.229%))
  Logic Levels:           0  
  Clock Path Skew:        0.057ns (DCD - SCD - CPR)
    Destination Clock Delay (DCD):    0.875ns
    Source Clock Delay      (SCD):    0.566ns
    Clock Pessimism Removal (CPR):    0.252ns

    Location             Delay type                Incr(ns)  Path(ns)    Netlist Resource(s)
  -------------------------------------------------------------------    -------------------
                         (clock clk_out1_clk_wiz_0 rise edge)
                                                      0.000     0.000 r  
    BUFGCTRL_X0Y0        BUFG                         0.000     0.000 r  clk_IBUF_BUFG_inst/O
                         net (fo=2128, routed)        0.546     0.546    vga/pll_inst/inst/clk_in1
    MMCME2_ADV_X0Y0      MMCME2_ADV (Prop_mmcme2_adv_CLKIN1_CLKOUT0)
                                                     -1.053    -0.508 r  vga/pll_inst/inst/mmcm_adv_inst/CLKOUT0
                         net (fo=1, routed)           0.482    -0.026    vga/pll_inst/inst/clk_out1_clk_wiz_0
    BUFGCTRL_X0Y1        BUFG (Prop_bufg_I_O)         0.026     0.000 r  vga/pll_inst/inst/clkout1_buf/O
                         net (fo=71, routed)          0.566     0.566    vga/VGA_H/CLK
    SLICE_X7Y6           FDRE                                         r  vga/VGA_H/h_count_reg[1]/C
  -------------------------------------------------------------------    -------------------
    SLICE_X7Y6           FDRE (Prop_fdre_C_Q)         0.141     0.707 r  vga/VGA_H/h_count_reg[1]/Q
                         net (fo=25, routed)          0.289     0.996    <hidden>
    RAMB18_X0Y3          RAMB18E1                                     r  <hidden>
  -------------------------------------------------------------------    -------------------

                         (clock clk_out1_clk_wiz_0 rise edge)
                                                      0.000     0.000 r  
    BUFGCTRL_X0Y0        BUFG                         0.000     0.000 r  clk_IBUF_BUFG_inst/O
                         net (fo=2128, routed)        0.812     0.812    vga/pll_inst/inst/clk_in1
    MMCME2_ADV_X0Y0      MMCME2_ADV (Prop_mmcme2_adv_CLKIN1_CLKOUT0)
                                                     -1.369    -0.557 r  vga/pll_inst/inst/mmcm_adv_inst/CLKOUT0
                         net (fo=1, routed)           0.528    -0.029    vga/pll_inst/inst/clk_out1_clk_wiz_0
    BUFGCTRL_X0Y1        BUFG (Prop_bufg_I_O)         0.029    -0.000 r  vga/pll_inst/inst/clkout1_buf/O
                         net (fo=71, routed)          0.875     0.875    <hidden>
    RAMB18_X0Y3          RAMB18E1                                     r  <hidden>
                         clock pessimism             -0.252     0.623    
    RAMB18_X0Y3          RAMB18E1 (Hold_ramb18e1_CLKARDCLK_ADDRARDADDR[2])
                                                      0.183     0.806    <hidden>
  -------------------------------------------------------------------
                         required time                         -0.806    
                         arrival time                           0.996    
  -------------------------------------------------------------------
                         slack                                  0.190    

Slack (MET) :             0.194ns  (arrival time - required time)
  Source:                 <hidden>
                            (rising edge-triggered cell FDRE clocked by clk_out1_clk_wiz_0  {rise@0.000ns fall@19.862ns period=39.724ns})
  Destination:            <hidden>
                            (rising edge-triggered cell FDRE clocked by clk_out1_clk_wiz_0  {rise@0.000ns fall@19.862ns period=39.724ns})
  Path Group:             clk_out1_clk_wiz_0
  Path Type:              Hold (Min at Fast Process Corner)
  Requirement:            0.000ns  (clk_out1_clk_wiz_0 rise@0.000ns - clk_out1_clk_wiz_0 rise@0.000ns)
  Data Path Delay:        0.277ns  (logic 0.164ns (59.205%)  route 0.113ns (40.795%))
  Logic Levels:           0  
  Clock Path Skew:        0.013ns (DCD - SCD - CPR)
    Destination Clock Delay (DCD):    0.833ns
    Source Clock Delay      (SCD):    0.565ns
    Clock Pessimism Removal (CPR):    0.255ns

    Location             Delay type                Incr(ns)  Path(ns)    Netlist Resource(s)
  -------------------------------------------------------------------    -------------------
                         (clock clk_out1_clk_wiz_0 rise edge)
                                                      0.000     0.000 r  
    BUFGCTRL_X0Y0        BUFG                         0.000     0.000 r  clk_IBUF_BUFG_inst/O
                         net (fo=2128, routed)        0.546     0.546    vga/pll_inst/inst/clk_in1
    MMCME2_ADV_X0Y0      MMCME2_ADV (Prop_mmcme2_adv_CLKIN1_CLKOUT0)
                                                     -1.053    -0.508 r  vga/pll_inst/inst/mmcm_adv_inst/CLKOUT0
                         net (fo=1, routed)           0.482    -0.026    vga/pll_inst/inst/clk_out1_clk_wiz_0
    BUFGCTRL_X0Y1        BUFG (Prop_bufg_I_O)         0.026     0.000 r  vga/pll_inst/inst/clkout1_buf/O
                         net (fo=71, routed)          0.565     0.565    <hidden>
    SLICE_X6Y9           FDRE                                         r  <hidden>
  -------------------------------------------------------------------    -------------------
    SLICE_X6Y9           FDRE (Prop_fdre_C_Q)         0.164     0.729 r  <hidden>
                         net (fo=1, routed)           0.113     0.842    <hidden>
    SLICE_X7Y9           FDRE                                         r  <hidden>
  -------------------------------------------------------------------    -------------------

                         (clock clk_out1_clk_wiz_0 rise edge)
                                                      0.000     0.000 r  
    BUFGCTRL_X0Y0        BUFG                         0.000     0.000 r  clk_IBUF_BUFG_inst/O
                         net (fo=2128, routed)        0.812     0.812    vga/pll_inst/inst/clk_in1
    MMCME2_ADV_X0Y0      MMCME2_ADV (Prop_mmcme2_adv_CLKIN1_CLKOUT0)
                                                     -1.369    -0.557 r  vga/pll_inst/inst/mmcm_adv_inst/CLKOUT0
                         net (fo=1, routed)           0.528    -0.029    vga/pll_inst/inst/clk_out1_clk_wiz_0
    BUFGCTRL_X0Y1        BUFG (Prop_bufg_I_O)         0.029    -0.000 r  vga/pll_inst/inst/clkout1_buf/O
                         net (fo=71, routed)          0.833     0.833    <hidden>
    SLICE_X7Y9           FDRE                                         r  <hidden>
                         clock pessimism             -0.255     0.578    
    SLICE_X7Y9           FDRE (Hold_fdre_C_D)         0.070     0.648    <hidden>
  -------------------------------------------------------------------
                         required time                         -0.648    
                         arrival time                           0.842    
  -------------------------------------------------------------------
                         slack                                  0.194    

Slack (MET) :             0.204ns  (arrival time - required time)
  Source:                 vga/VGA_H/h_count_reg[1]/C
                            (rising edge-triggered cell FDRE clocked by clk_out1_clk_wiz_0  {rise@0.000ns fall@19.862ns period=39.724ns})
  Destination:            vga/VGA_H/h_count_reg[5]/D
                            (rising edge-triggered cell FDRE clocked by clk_out1_clk_wiz_0  {rise@0.000ns fall@19.862ns period=39.724ns})
  Path Group:             clk_out1_clk_wiz_0
  Path Type:              Hold (Min at Fast Process Corner)
  Requirement:            0.000ns  (clk_out1_clk_wiz_0 rise@0.000ns - clk_out1_clk_wiz_0 rise@0.000ns)
  Data Path Delay:        0.338ns  (logic 0.186ns (55.038%)  route 0.152ns (44.962%))
  Logic Levels:           1  (LUT6=1)
  Clock Path Skew:        0.013ns (DCD - SCD - CPR)
    Destination Clock Delay (DCD):    0.834ns
    Source Clock Delay      (SCD):    0.566ns
    Clock Pessimism Removal (CPR):    0.255ns

    Location             Delay type                Incr(ns)  Path(ns)    Netlist Resource(s)
  -------------------------------------------------------------------    -------------------
                         (clock clk_out1_clk_wiz_0 rise edge)
                                                      0.000     0.000 r  
    BUFGCTRL_X0Y0        BUFG                         0.000     0.000 r  clk_IBUF_BUFG_inst/O
                         net (fo=2128, routed)        0.546     0.546    vga/pll_inst/inst/clk_in1
    MMCME2_ADV_X0Y0      MMCME2_ADV (Prop_mmcme2_adv_CLKIN1_CLKOUT0)
                                                     -1.053    -0.508 r  vga/pll_inst/inst/mmcm_adv_inst/CLKOUT0
                         net (fo=1, routed)           0.482    -0.026    vga/pll_inst/inst/clk_out1_clk_wiz_0
    BUFGCTRL_X0Y1        BUFG (Prop_bufg_I_O)         0.026     0.000 r  vga/pll_inst/inst/clkout1_buf/O
                         net (fo=71, routed)          0.566     0.566    vga/VGA_H/CLK
    SLICE_X7Y6           FDRE                                         r  vga/VGA_H/h_count_reg[1]/C
  -------------------------------------------------------------------    -------------------
    SLICE_X7Y6           FDRE (Prop_fdre_C_Q)         0.141     0.707 r  vga/VGA_H/h_count_reg[1]/Q
                         net (fo=25, routed)          0.152     0.859    vga/VGA_H/Q[0]
    SLICE_X6Y6           LUT6 (Prop_lut6_I3_O)        0.045     0.904 r  vga/VGA_H/h_count[5]_i_1/O
                         net (fo=1, routed)           0.000     0.904    vga/VGA_H/p_0_in[5]
    SLICE_X6Y6           FDRE                                         r  vga/VGA_H/h_count_reg[5]/D
  -------------------------------------------------------------------    -------------------

                         (clock clk_out1_clk_wiz_0 rise edge)
                                                      0.000     0.000 r  
    BUFGCTRL_X0Y0        BUFG                         0.000     0.000 r  clk_IBUF_BUFG_inst/O
                         net (fo=2128, routed)        0.812     0.812    vga/pll_inst/inst/clk_in1
    MMCME2_ADV_X0Y0      MMCME2_ADV (Prop_mmcme2_adv_CLKIN1_CLKOUT0)
                                                     -1.369    -0.557 r  vga/pll_inst/inst/mmcm_adv_inst/CLKOUT0
                         net (fo=1, routed)           0.528    -0.029    vga/pll_inst/inst/clk_out1_clk_wiz_0
    BUFGCTRL_X0Y1        BUFG (Prop_bufg_I_O)         0.029    -0.000 r  vga/pll_inst/inst/clkout1_buf/O
                         net (fo=71, routed)          0.834     0.834    vga/VGA_H/CLK
    SLICE_X6Y6           FDRE                                         r  vga/VGA_H/h_count_reg[5]/C
                         clock pessimism             -0.255     0.579    
    SLICE_X6Y6           FDRE (Hold_fdre_C_D)         0.121     0.700    vga/VGA_H/h_count_reg[5]
  -------------------------------------------------------------------
                         required time                         -0.700    
                         arrival time                           0.904    
  -------------------------------------------------------------------
                         slack                                  0.204    

Slack (MET) :             0.220ns  (arrival time - required time)
  Source:                 vga/VGA_H/h_count_reg[0]/C
                            (rising edge-triggered cell FDRE clocked by clk_out1_clk_wiz_0  {rise@0.000ns fall@19.862ns period=39.724ns})
  Destination:            vga/VGA_H/h_count_reg[2]/D
                            (rising edge-triggered cell FDRE clocked by clk_out1_clk_wiz_0  {rise@0.000ns fall@19.862ns period=39.724ns})
  Path Group:             clk_out1_clk_wiz_0
  Path Type:              Hold (Min at Fast Process Corner)
  Requirement:            0.000ns  (clk_out1_clk_wiz_0 rise@0.000ns - clk_out1_clk_wiz_0 rise@0.000ns)
  Data Path Delay:        0.340ns  (logic 0.212ns (62.424%)  route 0.128ns (37.576%))
  Logic Levels:           1  (LUT3=1)
  Clock Path Skew:        0.013ns (DCD - SCD - CPR)
    Destination Clock Delay (DCD):    0.834ns
    Source Clock Delay      (SCD):    0.566ns
    Clock Pessimism Removal (CPR):    0.255ns

    Location             Delay type                Incr(ns)  Path(ns)    Netlist Resource(s)
  -------------------------------------------------------------------    -------------------
                         (clock clk_out1_clk_wiz_0 rise edge)
                                                      0.000     0.000 r  
    BUFGCTRL_X0Y0        BUFG                         0.000     0.000 r  clk_IBUF_BUFG_inst/O
                         net (fo=2128, routed)        0.546     0.546    vga/pll_inst/inst/clk_in1
    MMCME2_ADV_X0Y0      MMCME2_ADV (Prop_mmcme2_adv_CLKIN1_CLKOUT0)
                                                     -1.053    -0.508 r  vga/pll_inst/inst/mmcm_adv_inst/CLKOUT0
                         net (fo=1, routed)           0.482    -0.026    vga/pll_inst/inst/clk_out1_clk_wiz_0
    BUFGCTRL_X0Y1        BUFG (Prop_bufg_I_O)         0.026     0.000 r  vga/pll_inst/inst/clkout1_buf/O
                         net (fo=71, routed)          0.566     0.566    vga/VGA_H/CLK
    SLICE_X6Y6           FDRE                                         r  vga/VGA_H/h_count_reg[0]/C
  -------------------------------------------------------------------    -------------------
    SLICE_X6Y6           FDRE (Prop_fdre_C_Q)         0.164     0.730 r  vga/VGA_H/h_count_reg[0]/Q
                         net (fo=8, routed)           0.128     0.857    vga/VGA_H/h_count__0[0]
    SLICE_X7Y6           LUT3 (Prop_lut3_I1_O)        0.048     0.905 r  vga/VGA_H/h_count[2]_i_1/O
                         net (fo=1, routed)           0.000     0.905    vga/VGA_H/p_0_in[2]
    SLICE_X7Y6           FDRE                                         r  vga/VGA_H/h_count_reg[2]/D
  -------------------------------------------------------------------    -------------------

                         (clock clk_out1_clk_wiz_0 rise edge)
                                                      0.000     0.000 r  
    BUFGCTRL_X0Y0        BUFG                         0.000     0.000 r  clk_IBUF_BUFG_inst/O
                         net (fo=2128, routed)        0.812     0.812    vga/pll_inst/inst/clk_in1
    MMCME2_ADV_X0Y0      MMCME2_ADV (Prop_mmcme2_adv_CLKIN1_CLKOUT0)
                                                     -1.369    -0.557 r  vga/pll_inst/inst/mmcm_adv_inst/CLKOUT0
                         net (fo=1, routed)           0.528    -0.029    vga/pll_inst/inst/clk_out1_clk_wiz_0
    BUFGCTRL_X0Y1        BUFG (Prop_bufg_I_O)         0.029    -0.000 r  vga/pll_inst/inst/clkout1_buf/O
                         net (fo=71, routed)          0.834     0.834    vga/VGA_H/CLK
    SLICE_X7Y6           FDRE                                         r  vga/VGA_H/h_count_reg[2]/C
                         clock pessimism             -0.255     0.579    
    SLICE_X7Y6           FDRE (Hold_fdre_C_D)         0.107     0.686    vga/VGA_H/h_count_reg[2]
  -------------------------------------------------------------------
                         required time                         -0.686    
                         arrival time                           0.905    
  -------------------------------------------------------------------
                         slack                                  0.220    

Slack (MET) :             0.224ns  (arrival time - required time)
  Source:                 vga/VGA_V/v_count_reg[5]/C
                            (rising edge-triggered cell FDRE clocked by clk_out1_clk_wiz_0  {rise@0.000ns fall@19.862ns period=39.724ns})
  Destination:            vga/VGA_V/v_count_reg[6]/D
                            (rising edge-triggered cell FDRE clocked by clk_out1_clk_wiz_0  {rise@0.000ns fall@19.862ns period=39.724ns})
  Path Group:             clk_out1_clk_wiz_0
  Path Type:              Hold (Min at Fast Process Corner)
  Requirement:            0.000ns  (clk_out1_clk_wiz_0 rise@0.000ns - clk_out1_clk_wiz_0 rise@0.000ns)
  Data Path Delay:        0.361ns  (logic 0.186ns (51.501%)  route 0.175ns (48.499%))
  Logic Levels:           1  (LUT3=1)
  Clock Path Skew:        0.016ns (DCD - SCD - CPR)
    Destination Clock Delay (DCD):    0.852ns
    Source Clock Delay      (SCD):    0.584ns
    Clock Pessimism Removal (CPR):    0.252ns

    Location             Delay type                Incr(ns)  Path(ns)    Netlist Resource(s)
  -------------------------------------------------------------------    -------------------
                         (clock clk_out1_clk_wiz_0 rise edge)
                                                      0.000     0.000 r  
    BUFGCTRL_X0Y0        BUFG                         0.000     0.000 r  clk_IBUF_BUFG_inst/O
                         net (fo=2128, routed)        0.546     0.546    vga/pll_inst/inst/clk_in1
    MMCME2_ADV_X0Y0      MMCME2_ADV (Prop_mmcme2_adv_CLKIN1_CLKOUT0)
                                                     -1.053    -0.508 r  vga/pll_inst/inst/mmcm_adv_inst/CLKOUT0
                         net (fo=1, routed)           0.482    -0.026    vga/pll_inst/inst/clk_out1_clk_wiz_0
    BUFGCTRL_X0Y1        BUFG (Prop_bufg_I_O)         0.026     0.000 r  vga/pll_inst/inst/clkout1_buf/O
                         net (fo=71, routed)          0.584     0.584    vga/VGA_V/CLK
    SLICE_X3Y8           FDRE                                         r  vga/VGA_V/v_count_reg[5]/C
  -------------------------------------------------------------------    -------------------
    SLICE_X3Y8           FDRE (Prop_fdre_C_Q)         0.141     0.725 r  vga/VGA_V/v_count_reg[5]/Q
                         net (fo=10, routed)          0.175     0.900    vga/VGA_V/Q[3]
    SLICE_X4Y8           LUT3 (Prop_lut3_I2_O)        0.045     0.945 r  vga/VGA_V/v_count[6]_i_1/O
                         net (fo=1, routed)           0.000     0.945    vga/VGA_V/p_0_in__0[6]
    SLICE_X4Y8           FDRE                                         r  vga/VGA_V/v_count_reg[6]/D
  -------------------------------------------------------------------    -------------------

                         (clock clk_out1_clk_wiz_0 rise edge)
                                                      0.000     0.000 r  
    BUFGCTRL_X0Y0        BUFG                         0.000     0.000 r  clk_IBUF_BUFG_inst/O
                         net (fo=2128, routed)        0.812     0.812    vga/pll_inst/inst/clk_in1
    MMCME2_ADV_X0Y0      MMCME2_ADV (Prop_mmcme2_adv_CLKIN1_CLKOUT0)
                                                     -1.369    -0.557 r  vga/pll_inst/inst/mmcm_adv_inst/CLKOUT0
                         net (fo=1, routed)           0.528    -0.029    vga/pll_inst/inst/clk_out1_clk_wiz_0
    BUFGCTRL_X0Y1        BUFG (Prop_bufg_I_O)         0.029    -0.000 r  vga/pll_inst/inst/clkout1_buf/O
                         net (fo=71, routed)          0.852     0.852    vga/VGA_V/CLK
    SLICE_X4Y8           FDRE                                         r  vga/VGA_V/v_count_reg[6]/C
                         clock pessimism             -0.252     0.600    
    SLICE_X4Y8           FDRE (Hold_fdre_C_D)         0.121     0.721    vga/VGA_V/v_count_reg[6]
  -------------------------------------------------------------------
                         required time                         -0.721    
                         arrival time                           0.945    
  -------------------------------------------------------------------
                         slack                                  0.224    





Pulse Width Checks
--------------------------------------------------------------------------------------
Clock Name:         clk_out1_clk_wiz_0
Waveform(ns):       { 0.000 19.862 }
Period(ns):         39.724
Sources:            { vga/pll_inst/inst/mmcm_adv_inst/CLKOUT0 }

Check Type        Corner  Lib Pin             Reference Pin  Required(ns)  Actual(ns)  Slack(ns)  Location         Pin
Min Period        n/a     RAMB36E1/CLKARDCLK  n/a            2.892         39.724      36.832     RAMB36_X1Y2      <hidden>
Min Period        n/a     RAMB36E1/CLKARDCLK  n/a            2.892         39.724      36.832     RAMB36_X1Y3      <hidden>
Min Period        n/a     RAMB36E1/CLKARDCLK  n/a            2.892         39.724      36.832     RAMB36_X0Y3      <hidden>
Min Period        n/a     RAMB36E1/CLKARDCLK  n/a            2.892         39.724      36.832     RAMB36_X0Y4      <hidden>
Min Period        n/a     RAMB36E1/CLKARDCLK  n/a            2.892         39.724      36.832     RAMB36_X1Y0      <hidden>
Min Period        n/a     RAMB36E1/CLKARDCLK  n/a            2.892         39.724      36.832     RAMB36_X1Y1      <hidden>
Min Period        n/a     RAMB36E1/CLKARDCLK  n/a            2.892         39.724      36.832     RAMB36_X2Y4      <hidden>
Min Period        n/a     RAMB36E1/CLKARDCLK  n/a            2.892         39.724      36.832     RAMB36_X2Y5      <hidden>
Min Period        n/a     RAMB36E1/CLKARDCLK  n/a            2.892         39.724      36.832     RAMB36_X0Y5      <hidden>
Min Period        n/a     RAMB36E1/CLKARDCLK  n/a            2.892         39.724      36.832     RAMB36_X0Y6      <hidden>
Max Period        n/a     MMCME2_ADV/CLKOUT0  n/a            213.360       39.724      173.636    MMCME2_ADV_X0Y0  vga/pll_inst/inst/mmcm_adv_inst/CLKOUT0
Low Pulse Width   Slow    FDRE/C              n/a            0.500         19.862      19.362     SLICE_X7Y8       vga/hsync_reg_reg_inv/C
Low Pulse Width   Fast    FDRE/C              n/a            0.500         19.862      19.362     SLICE_X7Y8       vga/hsync_reg_reg_inv/C
Low Pulse Width   Slow    FDRE/C              n/a            0.500         19.862      19.362     SLICE_X4Y7       vga/vsync_reg_reg_inv/C
Low Pulse Width   Fast    FDRE/C              n/a            0.500         19.862      19.362     SLICE_X4Y7       vga/vsync_reg_reg_inv/C
Low Pulse Width   Slow    FDRE/C              n/a            0.500         19.862      19.362     SLICE_X4Y7       vga/VGA_H/enable_v_count_reg/C
Low Pulse Width   Fast    FDRE/C              n/a            0.500         19.862      19.362     SLICE_X4Y7       vga/VGA_H/enable_v_count_reg/C
Low Pulse Width   Slow    FDRE/C              n/a            0.500         19.862      19.362     SLICE_X6Y6       vga/VGA_H/h_count_reg[0]/C
Low Pulse Width   Fast    FDRE/C              n/a            0.500         19.862      19.362     SLICE_X6Y6       vga/VGA_H/h_count_reg[0]/C
Low Pulse Width   Slow    FDRE/C              n/a            0.500         19.862      19.362     SLICE_X7Y6       vga/VGA_H/h_count_reg[1]/C
Low Pulse Width   Fast    FDRE/C              n/a            0.500         19.862      19.362     SLICE_X7Y6       vga/VGA_H/h_count_reg[1]/C
High Pulse Width  Slow    FDRE/C              n/a            0.500         19.862      19.362     SLICE_X7Y8       vga/hsync_reg_reg_inv/C
High Pulse Width  Fast    FDRE/C              n/a            0.500         19.862      19.362     SLICE_X7Y8       vga/hsync_reg_reg_inv/C
High Pulse Width  Slow    FDRE/C              n/a            0.500         19.862      19.362     SLICE_X4Y7       vga/vsync_reg_reg_inv/C
High Pulse Width  Fast    FDRE/C              n/a            0.500         19.862      19.362     SLICE_X4Y7       vga/vsync_reg_reg_inv/C
High Pulse Width  Slow    FDRE/C              n/a            0.500         19.862      19.362     SLICE_X4Y7       vga/VGA_H/enable_v_count_reg/C
High Pulse Width  Fast    FDRE/C              n/a            0.500         19.862      19.362     SLICE_X4Y7       vga/VGA_H/enable_v_count_reg/C
High Pulse Width  Slow    FDRE/C              n/a            0.500         19.862      19.362     SLICE_X6Y6       vga/VGA_H/h_count_reg[0]/C
High Pulse Width  Fast    FDRE/C              n/a            0.500         19.862      19.362     SLICE_X6Y6       vga/VGA_H/h_count_reg[0]/C
High Pulse Width  Slow    FDRE/C              n/a            0.500         19.862      19.362     SLICE_X7Y6       vga/VGA_H/h_count_reg[1]/C
High Pulse Width  Fast    FDRE/C              n/a            0.500         19.862      19.362     SLICE_X7Y6       vga/VGA_H/h_count_reg[1]/C



---------------------------------------------------------------------------------------------------
From Clock:  clkfbout_clk_wiz_0
  To Clock:  clkfbout_clk_wiz_0

Setup :           NA  Failing Endpoints,  Worst Slack           NA  ,  Total Violation           NA
Hold  :           NA  Failing Endpoints,  Worst Slack           NA  ,  Total Violation           NA
PW    :            0  Failing Endpoints,  Worst Slack       44.000ns,  Total Violation        0.000ns
---------------------------------------------------------------------------------------------------


Pulse Width Checks
--------------------------------------------------------------------------------------
Clock Name:         clkfbout_clk_wiz_0
Waveform(ns):       { 0.000 28.000 }
Period(ns):         56.000
Sources:            { vga/pll_inst/inst/mmcm_adv_inst/CLKFBOUT }

Check Type  Corner  Lib Pin              Reference Pin  Required(ns)  Actual(ns)  Slack(ns)  Location         Pin
Min Period  n/a     BUFG/I               n/a            2.155         56.000      53.845     BUFGCTRL_X0Y4    vga/pll_inst/inst/clkf_buf/I
Min Period  n/a     MMCME2_ADV/CLKFBOUT  n/a            1.249         56.000      54.751     MMCME2_ADV_X0Y0  vga/pll_inst/inst/mmcm_adv_inst/CLKFBOUT
Min Period  n/a     MMCME2_ADV/CLKFBIN   n/a            1.249         56.000      54.751     MMCME2_ADV_X0Y0  vga/pll_inst/inst/mmcm_adv_inst/CLKFBIN
Max Period  n/a     MMCME2_ADV/CLKFBIN   n/a            100.000       56.000      44.000     MMCME2_ADV_X0Y0  vga/pll_inst/inst/mmcm_adv_inst/CLKFBIN
Max Period  n/a     MMCME2_ADV/CLKFBOUT  n/a            213.360       56.000      157.360    MMCME2_ADV_X0Y0  vga/pll_inst/inst/mmcm_adv_inst/CLKFBOUT



--------------------------------------------------------------------------------------
Path Group:  (none)
From Clock:  
  To Clock:  

Max Delay         14843 Endpoints
Min Delay         14843 Endpoints
--------------------------------------------------------------------------------------


Max Delay Paths
--------------------------------------------------------------------------------------
Slack:                    inf
  Source:                 vga/VGA_ADDR_L_reg[1]/C
                            (rising edge-triggered cell FDRE)
  Destination:            vga/VGA_ADDR_L_reg[4]/D
  Path Group:             (none)
  Path Type:              Max at Slow Process Corner
  Data Path Delay:        18.788ns  (logic 6.281ns (33.431%)  route 12.507ns (66.569%))
  Logic Levels:           18  (CARRY4=8 FDRE=1 LUT2=2 LUT3=2 LUT4=1 LUT5=1 LUT6=3)

    Location             Delay type                Incr(ns)  Path(ns)    Netlist Resource(s)
  -------------------------------------------------------------------    -------------------
    SLICE_X29Y31         FDRE                         0.000     0.000 r  vga/VGA_ADDR_L_reg[1]/C
    SLICE_X29Y31         FDRE (Prop_fdre_C_Q)         0.456     0.456 r  vga/VGA_ADDR_L_reg[1]/Q
                         net (fo=24, routed)          1.029     1.485    vga/text_mod_inst/full_addr[1]
    SLICE_X28Y32         CARRY4 (Prop_carry4_S[0]_CO[3])
                                                      0.637     2.122 r  vga/text_mod_inst/new_address3_carry/CO[3]
                         net (fo=1, routed)           0.000     2.122    vga/text_mod_inst/new_address3_carry_n_1
    SLICE_X28Y33         CARRY4 (Prop_carry4_CI_O[1])
                                                      0.323     2.445 r  vga/text_mod_inst/new_address3_carry__0/O[1]
                         net (fo=21, routed)          2.190     4.635    vga/text_mod_inst/new_address4[6]
    SLICE_X25Y32         LUT3 (Prop_lut3_I0_O)        0.334     4.969 r  vga/text_mod_inst/i__carry__1_i_1/O
                         net (fo=1, routed)           0.792     5.761    vga/text_mod_inst/i__carry__1_i_1_n_1
    SLICE_X22Y32         CARRY4 (Prop_carry4_DI[3]_CO[3])
                                                      0.587     6.348 r  vga/text_mod_inst/new_address2_inferred__0/i__carry__1/CO[3]
                         net (fo=1, routed)           0.000     6.348    vga/text_mod_inst/new_address2_inferred__0/i__carry__1_n_1
    SLICE_X22Y33         CARRY4 (Prop_carry4_CI_O[0])
                                                      0.222     6.570 r  vga/text_mod_inst/new_address2_inferred__0/i__carry__2/O[0]
                         net (fo=3, routed)           1.122     7.691    vga/text_mod_inst/new_address2_inferred__0/i__carry__2_n_8
    SLICE_X24Y31         LUT3 (Prop_lut3_I0_O)        0.325     8.016 r  vga/text_mod_inst/i___51_carry__1_i_10/O
                         net (fo=2, routed)           1.159     9.175    vga/text_mod_inst/i___51_carry__1_i_10_n_1
    SLICE_X25Y33         LUT5 (Prop_lut5_I0_O)        0.356     9.531 r  vga/text_mod_inst/i___51_carry__1_i_2/O
                         net (fo=2, routed)           0.993    10.524    vga/text_mod_inst/i___51_carry__1_i_2_n_1
    SLICE_X23Y33         LUT6 (Prop_lut6_I0_O)        0.326    10.850 r  vga/text_mod_inst/i___51_carry__1_i_6/O
                         net (fo=1, routed)           0.000    10.850    vga/text_mod_inst/i___51_carry__1_i_6_n_1
    SLICE_X23Y33         CARRY4 (Prop_carry4_S[2]_CO[3])
                                                      0.398    11.248 r  vga/text_mod_inst/new_address2_inferred__0/i___51_carry__1/CO[3]
                         net (fo=1, routed)           0.000    11.248    vga/text_mod_inst/new_address2_inferred__0/i___51_carry__1_n_1
    SLICE_X23Y34         CARRY4 (Prop_carry4_CI_O[1])
                                                      0.334    11.582 r  vga/text_mod_inst/new_address2_inferred__0/i___51_carry__2/O[1]
                         net (fo=2, routed)           0.821    12.403    vga/text_mod_inst/new_address2_inferred__0/i___51_carry__2_n_7
    SLICE_X22Y35         LUT2 (Prop_lut2_I0_O)        0.303    12.706 r  vga/text_mod_inst/i___82_carry_i_2/O
                         net (fo=1, routed)           0.000    12.706    vga/text_mod_inst/i___82_carry_i_2_n_1
    SLICE_X22Y35         CARRY4 (Prop_carry4_S[1]_O[2])
                                                      0.580    13.286 r  vga/text_mod_inst/new_address2_inferred__0/i___82_carry/O[2]
                         net (fo=1, routed)           0.794    14.080    vga/text_mod_inst/new_address2_inferred__0/i___82_carry_n_6
    SLICE_X25Y35         LUT2 (Prop_lut2_I1_O)        0.302    14.382 r  vga/text_mod_inst/i___88_carry__0_i_1/O
                         net (fo=1, routed)           0.000    14.382    vga/text_mod_inst/i___88_carry__0_i_1_n_1
    SLICE_X25Y35         CARRY4 (Prop_carry4_S[2]_O[2])
                                                      0.248    14.630 f  vga/text_mod_inst/new_address2_inferred__0/i___88_carry__0/O[2]
                         net (fo=1, routed)           0.819    15.448    vga/text_mod_inst/new_address2_inferred__0/i___88_carry__0_n_6
    SLICE_X25Y33         LUT4 (Prop_lut4_I1_O)        0.302    15.750 r  vga/text_mod_inst/VGA_ADDR_L[7]_i_6/O
                         net (fo=14, routed)          1.818    17.569    vga/text_mod_inst/VGA_ADDR_L[7]_i_6_n_1
    SLICE_X29Y31         LUT6 (Prop_lut6_I3_O)        0.124    17.693 r  vga/text_mod_inst/VGA_ADDR_L[4]_i_2/O
                         net (fo=1, routed)           0.971    18.664    vga/text_mod_inst/VGA_ADDR_L[4]_i_2_n_1
    SLICE_X35Y31         LUT6 (Prop_lut6_I5_O)        0.124    18.788 r  vga/text_mod_inst/VGA_ADDR_L[4]_i_1/O
                         net (fo=1, routed)           0.000    18.788    vga/new_l_address[4]
    SLICE_X35Y31         FDRE                                         r  vga/VGA_ADDR_L_reg[4]/D
  -------------------------------------------------------------------    -------------------

Slack:                    inf
  Source:                 vga/VGA_ADDR_L_reg[1]/C
                            (rising edge-triggered cell FDRE)
  Destination:            vga/VGA_ADDR_L_reg[1]/D
  Path Group:             (none)
  Path Type:              Max at Slow Process Corner
  Data Path Delay:        18.375ns  (logic 6.281ns (34.182%)  route 12.094ns (65.818%))
  Logic Levels:           18  (CARRY4=8 FDRE=1 LUT2=2 LUT3=2 LUT4=1 LUT5=1 LUT6=3)

    Location             Delay type                Incr(ns)  Path(ns)    Netlist Resource(s)
  -------------------------------------------------------------------    -------------------
    SLICE_X29Y31         FDRE                         0.000     0.000 r  vga/VGA_ADDR_L_reg[1]/C
    SLICE_X29Y31         FDRE (Prop_fdre_C_Q)         0.456     0.456 r  vga/VGA_ADDR_L_reg[1]/Q
                         net (fo=24, routed)          1.029     1.485    vga/text_mod_inst/full_addr[1]
    SLICE_X28Y32         CARRY4 (Prop_carry4_S[0]_CO[3])
                                                      0.637     2.122 r  vga/text_mod_inst/new_address3_carry/CO[3]
                         net (fo=1, routed)           0.000     2.122    vga/text_mod_inst/new_address3_carry_n_1
    SLICE_X28Y33         CARRY4 (Prop_carry4_CI_O[1])
                                                      0.323     2.445 r  vga/text_mod_inst/new_address3_carry__0/O[1]
                         net (fo=21, routed)          2.190     4.635    vga/text_mod_inst/new_address4[6]
    SLICE_X25Y32         LUT3 (Prop_lut3_I0_O)        0.334     4.969 r  vga/text_mod_inst/i__carry__1_i_1/O
                         net (fo=1, routed)           0.792     5.761    vga/text_mod_inst/i__carry__1_i_1_n_1
    SLICE_X22Y32         CARRY4 (Prop_carry4_DI[3]_CO[3])
                                                      0.587     6.348 r  vga/text_mod_inst/new_address2_inferred__0/i__carry__1/CO[3]
                         net (fo=1, routed)           0.000     6.348    vga/text_mod_inst/new_address2_inferred__0/i__carry__1_n_1
    SLICE_X22Y33         CARRY4 (Prop_carry4_CI_O[0])
                                                      0.222     6.570 r  vga/text_mod_inst/new_address2_inferred__0/i__carry__2/O[0]
                         net (fo=3, routed)           1.122     7.691    vga/text_mod_inst/new_address2_inferred__0/i__carry__2_n_8
    SLICE_X24Y31         LUT3 (Prop_lut3_I0_O)        0.325     8.016 r  vga/text_mod_inst/i___51_carry__1_i_10/O
                         net (fo=2, routed)           1.159     9.175    vga/text_mod_inst/i___51_carry__1_i_10_n_1
    SLICE_X25Y33         LUT5 (Prop_lut5_I0_O)        0.356     9.531 r  vga/text_mod_inst/i___51_carry__1_i_2/O
                         net (fo=2, routed)           0.993    10.524    vga/text_mod_inst/i___51_carry__1_i_2_n_1
    SLICE_X23Y33         LUT6 (Prop_lut6_I0_O)        0.326    10.850 r  vga/text_mod_inst/i___51_carry__1_i_6/O
                         net (fo=1, routed)           0.000    10.850    vga/text_mod_inst/i___51_carry__1_i_6_n_1
    SLICE_X23Y33         CARRY4 (Prop_carry4_S[2]_CO[3])
                                                      0.398    11.248 r  vga/text_mod_inst/new_address2_inferred__0/i___51_carry__1/CO[3]
                         net (fo=1, routed)           0.000    11.248    vga/text_mod_inst/new_address2_inferred__0/i___51_carry__1_n_1
    SLICE_X23Y34         CARRY4 (Prop_carry4_CI_O[1])
                                                      0.334    11.582 r  vga/text_mod_inst/new_address2_inferred__0/i___51_carry__2/O[1]
                         net (fo=2, routed)           0.821    12.403    vga/text_mod_inst/new_address2_inferred__0/i___51_carry__2_n_7
    SLICE_X22Y35         LUT2 (Prop_lut2_I0_O)        0.303    12.706 r  vga/text_mod_inst/i___82_carry_i_2/O
                         net (fo=1, routed)           0.000    12.706    vga/text_mod_inst/i___82_carry_i_2_n_1
    SLICE_X22Y35         CARRY4 (Prop_carry4_S[1]_O[2])
                                                      0.580    13.286 r  vga/text_mod_inst/new_address2_inferred__0/i___82_carry/O[2]
                         net (fo=1, routed)           0.794    14.080    vga/text_mod_inst/new_address2_inferred__0/i___82_carry_n_6
    SLICE_X25Y35         LUT2 (Prop_lut2_I1_O)        0.302    14.382 r  vga/text_mod_inst/i___88_carry__0_i_1/O
                         net (fo=1, routed)           0.000    14.382    vga/text_mod_inst/i___88_carry__0_i_1_n_1
    SLICE_X25Y35         CARRY4 (Prop_carry4_S[2]_O[2])
                                                      0.248    14.630 f  vga/text_mod_inst/new_address2_inferred__0/i___88_carry__0/O[2]
                         net (fo=1, routed)           0.819    15.448    vga/text_mod_inst/new_address2_inferred__0/i___88_carry__0_n_6
    SLICE_X25Y33         LUT4 (Prop_lut4_I1_O)        0.302    15.750 r  vga/text_mod_inst/VGA_ADDR_L[7]_i_6/O
                         net (fo=14, routed)          1.944    17.694    vga/text_mod_inst/VGA_ADDR_L[7]_i_6_n_1
    SLICE_X29Y31         LUT6 (Prop_lut6_I3_O)        0.124    17.818 r  vga/text_mod_inst/VGA_ADDR_L[1]_i_2/O
                         net (fo=1, routed)           0.433    18.251    vga/text_mod_inst/VGA_ADDR_L[1]_i_2_n_1
    SLICE_X29Y31         LUT6 (Prop_lut6_I5_O)        0.124    18.375 r  vga/text_mod_inst/VGA_ADDR_L[1]_i_1/O
                         net (fo=1, routed)           0.000    18.375    vga/new_l_address[1]
    SLICE_X29Y31         FDRE                                         r  vga/VGA_ADDR_L_reg[1]/D
  -------------------------------------------------------------------    -------------------

Slack:                    inf
  Source:                 rst
                            (input port)
  Destination:            rec_data[7]
                            (output port)
  Path Group:             (none)
  Path Type:              Max at Slow Process Corner
  Data Path Delay:        18.305ns  (logic 4.779ns (26.105%)  route 13.527ns (73.895%))
  Logic Levels:           9  (IBUF=1 LUT2=1 LUT3=1 LUT5=1 LUT6=4 OBUF=1)

    Location             Delay type                Incr(ns)  Path(ns)    Netlist Resource(s)
  -------------------------------------------------------------------    -------------------
    U20                                               0.000     0.000 r  rst (IN)
                         net (fo=0)                   0.000     0.000    rst
    U20                  IBUF (Prop_ibuf_I_O)         0.964     0.964 r  rst_IBUF_inst/O
                         net (fo=387, routed)         4.302     5.266    t0/rst_IBUF
    SLICE_X35Y38         LUT3 (Prop_lut3_I1_O)        0.124     5.390 r  t0/rec_data_OBUF[7]_inst_i_9/O
                         net (fo=19, routed)          1.468     6.858    ps2/PS2_CONTROL_reg[0]_0
    SLICE_X39Y33         LUT6 (Prop_lut6_I0_O)        0.124     6.982 f  ps2/fifo_i_2/O
                         net (fo=4, routed)           1.768     8.750    ps2/fifo_i_2_n_1
    SLICE_X36Y14         LUT5 (Prop_lut5_I0_O)        0.152     8.902 r  ps2/rec_data_OBUF[6]_inst_i_10/O
                         net (fo=8, routed)           0.893     9.794    ps2/rec_data_OBUF[6]_inst_i_10_n_1
    SLICE_X36Y13         LUT6 (Prop_lut6_I3_O)        0.326    10.120 r  ps2/rec_data_OBUF[7]_inst_i_24/O
                         net (fo=1, routed)           1.601    11.722    ps2/rdata_bus5[7]
    SLICE_X36Y35         LUT2 (Prop_lut2_I0_O)        0.124    11.846 r  ps2/rec_data_OBUF[7]_inst_i_16/O
                         net (fo=1, routed)           0.811    12.657    vga/rec_data_OBUF[7]_inst_i_1_0
    SLICE_X36Y36         LUT6 (Prop_lut6_I5_O)        0.124    12.781 r  vga/rec_data_OBUF[7]_inst_i_6/O
                         net (fo=1, routed)           0.795    13.576    uart/uart_inst/rec_data[7]_0
    SLICE_X38Y36         LUT6 (Prop_lut6_I5_O)        0.124    13.700 r  uart/uart_inst/rec_data_OBUF[7]_inst_i_1/O
                         net (fo=1, routed)           1.888    15.589    rec_data_OBUF[7]
    V15                  OBUF (Prop_obuf_I_O)         2.717    18.305 r  rec_data_OBUF[7]_inst/O
                         net (fo=0)                   0.000    18.305    rec_data[7]
    V15                                                               r  rec_data[7] (OUT)
  -------------------------------------------------------------------    -------------------

Slack:                    inf
  Source:                 rst
                            (input port)
  Destination:            rec_data[2]
                            (output port)
  Path Group:             (none)
  Path Type:              Max at Slow Process Corner
  Data Path Delay:        18.301ns  (logic 4.932ns (26.947%)  route 13.369ns (73.053%))
  Logic Levels:           9  (IBUF=1 LUT2=1 LUT3=1 LUT4=1 LUT5=2 LUT6=2 OBUF=1)

    Location             Delay type                Incr(ns)  Path(ns)    Netlist Resource(s)
  -------------------------------------------------------------------    -------------------
    U20                                               0.000     0.000 r  rst (IN)
                         net (fo=0)                   0.000     0.000    rst
    U20                  IBUF (Prop_ibuf_I_O)         0.964     0.964 r  rst_IBUF_inst/O
                         net (fo=387, routed)         4.302     5.266    t0/rst_IBUF
    SLICE_X35Y38         LUT3 (Prop_lut3_I1_O)        0.124     5.390 r  t0/rec_data_OBUF[7]_inst_i_9/O
                         net (fo=19, routed)          1.468     6.858    ps2/PS2_CONTROL_reg[0]_0
    SLICE_X39Y33         LUT6 (Prop_lut6_I0_O)        0.124     6.982 f  ps2/fifo_i_2/O
                         net (fo=4, routed)           1.768     8.750    ps2/fifo_i_2_n_1
    SLICE_X36Y14         LUT5 (Prop_lut5_I0_O)        0.152     8.902 r  ps2/rec_data_OBUF[6]_inst_i_10/O
                         net (fo=8, routed)           0.500     9.402    ps2/rec_data_OBUF[6]_inst_i_10_n_1
    SLICE_X36Y13         LUT5 (Prop_lut5_I3_O)        0.326     9.728 r  ps2/rec_data_OBUF[2]_inst_i_11/O
                         net (fo=1, routed)           1.960    11.688    ps2/rdata_bus5[2]
    SLICE_X36Y35         LUT2 (Prop_lut2_I0_O)        0.152    11.840 r  ps2/rec_data_OBUF[2]_inst_i_8/O
                         net (fo=1, routed)           0.631    12.471    vga/rec_data_OBUF[2]_inst_i_1
    SLICE_X39Y35         LUT4 (Prop_lut4_I3_O)        0.326    12.797 r  vga/rec_data_OBUF[2]_inst_i_4/O
                         net (fo=1, routed)           0.645    13.442    uart/uart_inst/rec_data[2]_1
    SLICE_X39Y35         LUT6 (Prop_lut6_I5_O)        0.124    13.566 r  uart/uart_inst/rec_data_OBUF[2]_inst_i_1/O
                         net (fo=1, routed)           2.095    15.661    rec_data_OBUF[2]
    N18                  OBUF (Prop_obuf_I_O)         2.640    18.301 r  rec_data_OBUF[2]_inst/O
                         net (fo=0)                   0.000    18.301    rec_data[2]
    N18                                                               r  rec_data[2] (OUT)
  -------------------------------------------------------------------    -------------------

Slack:                    inf
  Source:                 vga/VGA_ADDR_L_reg[1]/C
                            (rising edge-triggered cell FDRE)
  Destination:            vga/VGA_ADDR_H_reg[0]/D
  Path Group:             (none)
  Path Type:              Max at Slow Process Corner
  Data Path Delay:        17.817ns  (logic 6.281ns (35.252%)  route 11.536ns (64.748%))
  Logic Levels:           18  (CARRY4=8 FDRE=1 LUT2=2 LUT3=2 LUT4=1 LUT5=1 LUT6=3)

    Location             Delay type                Incr(ns)  Path(ns)    Netlist Resource(s)
  -------------------------------------------------------------------    -------------------
    SLICE_X29Y31         FDRE                         0.000     0.000 r  vga/VGA_ADDR_L_reg[1]/C
    SLICE_X29Y31         FDRE (Prop_fdre_C_Q)         0.456     0.456 r  vga/VGA_ADDR_L_reg[1]/Q
                         net (fo=24, routed)          1.029     1.485    vga/text_mod_inst/full_addr[1]
    SLICE_X28Y32         CARRY4 (Prop_carry4_S[0]_CO[3])
                                                      0.637     2.122 r  vga/text_mod_inst/new_address3_carry/CO[3]
                         net (fo=1, routed)           0.000     2.122    vga/text_mod_inst/new_address3_carry_n_1
    SLICE_X28Y33         CARRY4 (Prop_carry4_CI_O[1])
                                                      0.323     2.445 r  vga/text_mod_inst/new_address3_carry__0/O[1]
                         net (fo=21, routed)          2.190     4.635    vga/text_mod_inst/new_address4[6]
    SLICE_X25Y32         LUT3 (Prop_lut3_I0_O)        0.334     4.969 r  vga/text_mod_inst/i__carry__1_i_1/O
                         net (fo=1, routed)           0.792     5.761    vga/text_mod_inst/i__carry__1_i_1_n_1
    SLICE_X22Y32         CARRY4 (Prop_carry4_DI[3]_CO[3])
                                                      0.587     6.348 r  vga/text_mod_inst/new_address2_inferred__0/i__carry__1/CO[3]
                         net (fo=1, routed)           0.000     6.348    vga/text_mod_inst/new_address2_inferred__0/i__carry__1_n_1
    SLICE_X22Y33         CARRY4 (Prop_carry4_CI_O[0])
                                                      0.222     6.570 r  vga/text_mod_inst/new_address2_inferred__0/i__carry__2/O[0]
                         net (fo=3, routed)           1.122     7.691    vga/text_mod_inst/new_address2_inferred__0/i__carry__2_n_8
    SLICE_X24Y31         LUT3 (Prop_lut3_I0_O)        0.325     8.016 r  vga/text_mod_inst/i___51_carry__1_i_10/O
                         net (fo=2, routed)           1.159     9.175    vga/text_mod_inst/i___51_carry__1_i_10_n_1
    SLICE_X25Y33         LUT5 (Prop_lut5_I0_O)        0.356     9.531 r  vga/text_mod_inst/i___51_carry__1_i_2/O
                         net (fo=2, routed)           0.993    10.524    vga/text_mod_inst/i___51_carry__1_i_2_n_1
    SLICE_X23Y33         LUT6 (Prop_lut6_I0_O)        0.326    10.850 r  vga/text_mod_inst/i___51_carry__1_i_6/O
                         net (fo=1, routed)           0.000    10.850    vga/text_mod_inst/i___51_carry__1_i_6_n_1
    SLICE_X23Y33         CARRY4 (Prop_carry4_S[2]_CO[3])
                                                      0.398    11.248 r  vga/text_mod_inst/new_address2_inferred__0/i___51_carry__1/CO[3]
                         net (fo=1, routed)           0.000    11.248    vga/text_mod_inst/new_address2_inferred__0/i___51_carry__1_n_1
    SLICE_X23Y34         CARRY4 (Prop_carry4_CI_O[1])
                                                      0.334    11.582 r  vga/text_mod_inst/new_address2_inferred__0/i___51_carry__2/O[1]
                         net (fo=2, routed)           0.821    12.403    vga/text_mod_inst/new_address2_inferred__0/i___51_carry__2_n_7
    SLICE_X22Y35         LUT2 (Prop_lut2_I0_O)        0.303    12.706 r  vga/text_mod_inst/i___82_carry_i_2/O
                         net (fo=1, routed)           0.000    12.706    vga/text_mod_inst/i___82_carry_i_2_n_1
    SLICE_X22Y35         CARRY4 (Prop_carry4_S[1]_O[2])
                                                      0.580    13.286 r  vga/text_mod_inst/new_address2_inferred__0/i___82_carry/O[2]
                         net (fo=1, routed)           0.794    14.080    vga/text_mod_inst/new_address2_inferred__0/i___82_carry_n_6
    SLICE_X25Y35         LUT2 (Prop_lut2_I1_O)        0.302    14.382 r  vga/text_mod_inst/i___88_carry__0_i_1/O
                         net (fo=1, routed)           0.000    14.382    vga/text_mod_inst/i___88_carry__0_i_1_n_1
    SLICE_X25Y35         CARRY4 (Prop_carry4_S[2]_O[2])
                                                      0.248    14.630 f  vga/text_mod_inst/new_address2_inferred__0/i___88_carry__0/O[2]
                         net (fo=1, routed)           0.819    15.448    vga/text_mod_inst/new_address2_inferred__0/i___88_carry__0_n_6
    SLICE_X25Y33         LUT4 (Prop_lut4_I1_O)        0.302    15.750 r  vga/text_mod_inst/VGA_ADDR_L[7]_i_6/O
                         net (fo=14, routed)          0.943    16.693    vga/text_mod_inst/VGA_ADDR_L[7]_i_6_n_1
    SLICE_X27Y32         LUT6 (Prop_lut6_I3_O)        0.124    16.817 r  vga/text_mod_inst/VGA_ADDR_H[0]_i_2/O
                         net (fo=1, routed)           0.877    17.693    vga/text_mod_inst/VGA_ADDR_H[0]_i_2_n_1
    SLICE_X27Y32         LUT6 (Prop_lut6_I5_O)        0.124    17.817 r  vga/text_mod_inst/VGA_ADDR_H[0]_i_1/O
                         net (fo=1, routed)           0.000    17.817    vga/new_h_address[0]
    SLICE_X27Y32         FDRE                                         r  vga/VGA_ADDR_H_reg[0]/D
  -------------------------------------------------------------------    -------------------

Slack:                    inf
  Source:                 vga/VGA_ADDR_L_reg[1]/C
                            (rising edge-triggered cell FDRE)
  Destination:            vga/VGA_ADDR_L_reg[7]/D
  Path Group:             (none)
  Path Type:              Max at Slow Process Corner
  Data Path Delay:        17.666ns  (logic 6.281ns (35.555%)  route 11.385ns (64.445%))
  Logic Levels:           18  (CARRY4=8 FDRE=1 LUT2=2 LUT3=2 LUT4=1 LUT5=1 LUT6=3)

    Location             Delay type                Incr(ns)  Path(ns)    Netlist Resource(s)
  -------------------------------------------------------------------    -------------------
    SLICE_X29Y31         FDRE                         0.000     0.000 r  vga/VGA_ADDR_L_reg[1]/C
    SLICE_X29Y31         FDRE (Prop_fdre_C_Q)         0.456     0.456 r  vga/VGA_ADDR_L_reg[1]/Q
                         net (fo=24, routed)          1.029     1.485    vga/text_mod_inst/full_addr[1]
    SLICE_X28Y32         CARRY4 (Prop_carry4_S[0]_CO[3])
                                                      0.637     2.122 r  vga/text_mod_inst/new_address3_carry/CO[3]
                         net (fo=1, routed)           0.000     2.122    vga/text_mod_inst/new_address3_carry_n_1
    SLICE_X28Y33         CARRY4 (Prop_carry4_CI_O[1])
                                                      0.323     2.445 r  vga/text_mod_inst/new_address3_carry__0/O[1]
                         net (fo=21, routed)          2.190     4.635    vga/text_mod_inst/new_address4[6]
    SLICE_X25Y32         LUT3 (Prop_lut3_I0_O)        0.334     4.969 r  vga/text_mod_inst/i__carry__1_i_1/O
                         net (fo=1, routed)           0.792     5.761    vga/text_mod_inst/i__carry__1_i_1_n_1
    SLICE_X22Y32         CARRY4 (Prop_carry4_DI[3]_CO[3])
                                                      0.587     6.348 r  vga/text_mod_inst/new_address2_inferred__0/i__carry__1/CO[3]
                         net (fo=1, routed)           0.000     6.348    vga/text_mod_inst/new_address2_inferred__0/i__carry__1_n_1
    SLICE_X22Y33         CARRY4 (Prop_carry4_CI_O[0])
                                                      0.222     6.570 r  vga/text_mod_inst/new_address2_inferred__0/i__carry__2/O[0]
                         net (fo=3, routed)           1.122     7.691    vga/text_mod_inst/new_address2_inferred__0/i__carry__2_n_8
    SLICE_X24Y31         LUT3 (Prop_lut3_I0_O)        0.325     8.016 r  vga/text_mod_inst/i___51_carry__1_i_10/O
                         net (fo=2, routed)           1.159     9.175    vga/text_mod_inst/i___51_carry__1_i_10_n_1
    SLICE_X25Y33         LUT5 (Prop_lut5_I0_O)        0.356     9.531 r  vga/text_mod_inst/i___51_carry__1_i_2/O
                         net (fo=2, routed)           0.993    10.524    vga/text_mod_inst/i___51_carry__1_i_2_n_1
    SLICE_X23Y33         LUT6 (Prop_lut6_I0_O)        0.326    10.850 r  vga/text_mod_inst/i___51_carry__1_i_6/O
                         net (fo=1, routed)           0.000    10.850    vga/text_mod_inst/i___51_carry__1_i_6_n_1
    SLICE_X23Y33         CARRY4 (Prop_carry4_S[2]_CO[3])
                                                      0.398    11.248 r  vga/text_mod_inst/new_address2_inferred__0/i___51_carry__1/CO[3]
                         net (fo=1, routed)           0.000    11.248    vga/text_mod_inst/new_address2_inferred__0/i___51_carry__1_n_1
    SLICE_X23Y34         CARRY4 (Prop_carry4_CI_O[1])
                                                      0.334    11.582 r  vga/text_mod_inst/new_address2_inferred__0/i___51_carry__2/O[1]
                         net (fo=2, routed)           0.821    12.403    vga/text_mod_inst/new_address2_inferred__0/i___51_carry__2_n_7
    SLICE_X22Y35         LUT2 (Prop_lut2_I0_O)        0.303    12.706 r  vga/text_mod_inst/i___82_carry_i_2/O
                         net (fo=1, routed)           0.000    12.706    vga/text_mod_inst/i___82_carry_i_2_n_1
    SLICE_X22Y35         CARRY4 (Prop_carry4_S[1]_O[2])
                                                      0.580    13.286 r  vga/text_mod_inst/new_address2_inferred__0/i___82_carry/O[2]
                         net (fo=1, routed)           0.794    14.080    vga/text_mod_inst/new_address2_inferred__0/i___82_carry_n_6
    SLICE_X25Y35         LUT2 (Prop_lut2_I1_O)        0.302    14.382 r  vga/text_mod_inst/i___88_carry__0_i_1/O
                         net (fo=1, routed)           0.000    14.382    vga/text_mod_inst/i___88_carry__0_i_1_n_1
    SLICE_X25Y35         CARRY4 (Prop_carry4_S[2]_O[2])
                                                      0.248    14.630 f  vga/text_mod_inst/new_address2_inferred__0/i___88_carry__0/O[2]
                         net (fo=1, routed)           0.819    15.448    vga/text_mod_inst/new_address2_inferred__0/i___88_carry__0_n_6
    SLICE_X25Y33         LUT4 (Prop_lut4_I1_O)        0.302    15.750 r  vga/text_mod_inst/VGA_ADDR_L[7]_i_6/O
                         net (fo=14, routed)          0.939    16.689    vga/text_mod_inst/VGA_ADDR_L[7]_i_6_n_1
    SLICE_X27Y34         LUT6 (Prop_lut6_I3_O)        0.124    16.813 r  vga/text_mod_inst/VGA_ADDR_L[7]_i_3/O
                         net (fo=1, routed)           0.729    17.542    vga/text_mod_inst/VGA_ADDR_L[7]_i_3_n_1
    SLICE_X33Y34         LUT6 (Prop_lut6_I5_O)        0.124    17.666 r  vga/text_mod_inst/VGA_ADDR_L[7]_i_1/O
                         net (fo=1, routed)           0.000    17.666    vga/new_l_address[7]
    SLICE_X33Y34         FDRE                                         r  vga/VGA_ADDR_L_reg[7]/D
  -------------------------------------------------------------------    -------------------

Slack:                    inf
  Source:                 vga/VGA_ADDR_L_reg[1]/C
                            (rising edge-triggered cell FDRE)
  Destination:            vga/VGA_ADDR_L_reg[2]/D
  Path Group:             (none)
  Path Type:              Max at Slow Process Corner
  Data Path Delay:        17.615ns  (logic 6.281ns (35.657%)  route 11.334ns (64.343%))
  Logic Levels:           18  (CARRY4=8 FDRE=1 LUT2=2 LUT3=2 LUT4=1 LUT5=1 LUT6=3)

    Location             Delay type                Incr(ns)  Path(ns)    Netlist Resource(s)
  -------------------------------------------------------------------    -------------------
    SLICE_X29Y31         FDRE                         0.000     0.000 r  vga/VGA_ADDR_L_reg[1]/C
    SLICE_X29Y31         FDRE (Prop_fdre_C_Q)         0.456     0.456 r  vga/VGA_ADDR_L_reg[1]/Q
                         net (fo=24, routed)          1.029     1.485    vga/text_mod_inst/full_addr[1]
    SLICE_X28Y32         CARRY4 (Prop_carry4_S[0]_CO[3])
                                                      0.637     2.122 r  vga/text_mod_inst/new_address3_carry/CO[3]
                         net (fo=1, routed)           0.000     2.122    vga/text_mod_inst/new_address3_carry_n_1
    SLICE_X28Y33         CARRY4 (Prop_carry4_CI_O[1])
                                                      0.323     2.445 r  vga/text_mod_inst/new_address3_carry__0/O[1]
                         net (fo=21, routed)          2.190     4.635    vga/text_mod_inst/new_address4[6]
    SLICE_X25Y32         LUT3 (Prop_lut3_I0_O)        0.334     4.969 r  vga/text_mod_inst/i__carry__1_i_1/O
                         net (fo=1, routed)           0.792     5.761    vga/text_mod_inst/i__carry__1_i_1_n_1
    SLICE_X22Y32         CARRY4 (Prop_carry4_DI[3]_CO[3])
                                                      0.587     6.348 r  vga/text_mod_inst/new_address2_inferred__0/i__carry__1/CO[3]
                         net (fo=1, routed)           0.000     6.348    vga/text_mod_inst/new_address2_inferred__0/i__carry__1_n_1
    SLICE_X22Y33         CARRY4 (Prop_carry4_CI_O[0])
                                                      0.222     6.570 r  vga/text_mod_inst/new_address2_inferred__0/i__carry__2/O[0]
                         net (fo=3, routed)           1.122     7.691    vga/text_mod_inst/new_address2_inferred__0/i__carry__2_n_8
    SLICE_X24Y31         LUT3 (Prop_lut3_I0_O)        0.325     8.016 r  vga/text_mod_inst/i___51_carry__1_i_10/O
                         net (fo=2, routed)           1.159     9.175    vga/text_mod_inst/i___51_carry__1_i_10_n_1
    SLICE_X25Y33         LUT5 (Prop_lut5_I0_O)        0.356     9.531 r  vga/text_mod_inst/i___51_carry__1_i_2/O
                         net (fo=2, routed)           0.993    10.524    vga/text_mod_inst/i___51_carry__1_i_2_n_1
    SLICE_X23Y33         LUT6 (Prop_lut6_I0_O)        0.326    10.850 r  vga/text_mod_inst/i___51_carry__1_i_6/O
                         net (fo=1, routed)           0.000    10.850    vga/text_mod_inst/i___51_carry__1_i_6_n_1
    SLICE_X23Y33         CARRY4 (Prop_carry4_S[2]_CO[3])
                                                      0.398    11.248 r  vga/text_mod_inst/new_address2_inferred__0/i___51_carry__1/CO[3]
                         net (fo=1, routed)           0.000    11.248    vga/text_mod_inst/new_address2_inferred__0/i___51_carry__1_n_1
    SLICE_X23Y34         CARRY4 (Prop_carry4_CI_O[1])
                                                      0.334    11.582 r  vga/text_mod_inst/new_address2_inferred__0/i___51_carry__2/O[1]
                         net (fo=2, routed)           0.821    12.403    vga/text_mod_inst/new_address2_inferred__0/i___51_carry__2_n_7
    SLICE_X22Y35         LUT2 (Prop_lut2_I0_O)        0.303    12.706 r  vga/text_mod_inst/i___82_carry_i_2/O
                         net (fo=1, routed)           0.000    12.706    vga/text_mod_inst/i___82_carry_i_2_n_1
    SLICE_X22Y35         CARRY4 (Prop_carry4_S[1]_O[2])
                                                      0.580    13.286 r  vga/text_mod_inst/new_address2_inferred__0/i___82_carry/O[2]
                         net (fo=1, routed)           0.794    14.080    vga/text_mod_inst/new_address2_inferred__0/i___82_carry_n_6
    SLICE_X25Y35         LUT2 (Prop_lut2_I1_O)        0.302    14.382 r  vga/text_mod_inst/i___88_carry__0_i_1/O
                         net (fo=1, routed)           0.000    14.382    vga/text_mod_inst/i___88_carry__0_i_1_n_1
    SLICE_X25Y35         CARRY4 (Prop_carry4_S[2]_O[2])
                                                      0.248    14.630 f  vga/text_mod_inst/new_address2_inferred__0/i___88_carry__0/O[2]
                         net (fo=1, routed)           0.819    15.448    vga/text_mod_inst/new_address2_inferred__0/i___88_carry__0_n_6
    SLICE_X25Y33         LUT4 (Prop_lut4_I1_O)        0.302    15.750 r  vga/text_mod_inst/VGA_ADDR_L[7]_i_6/O
                         net (fo=14, routed)          1.017    16.767    vga/text_mod_inst/VGA_ADDR_L[7]_i_6_n_1
    SLICE_X27Y31         LUT6 (Prop_lut6_I3_O)        0.124    16.891 r  vga/text_mod_inst/VGA_ADDR_L[2]_i_2/O
                         net (fo=1, routed)           0.600    17.491    vga/text_mod_inst/VGA_ADDR_L[2]_i_2_n_1
    SLICE_X35Y31         LUT6 (Prop_lut6_I5_O)        0.124    17.615 r  vga/text_mod_inst/VGA_ADDR_L[2]_i_1/O
                         net (fo=1, routed)           0.000    17.615    vga/new_l_address[2]
    SLICE_X35Y31         FDRE                                         r  vga/VGA_ADDR_L_reg[2]/D
  -------------------------------------------------------------------    -------------------

Slack:                    inf
  Source:                 vga/VGA_ADDR_L_reg[1]/C
                            (rising edge-triggered cell FDRE)
  Destination:            vga/VGA_ADDR_L_reg[0]/D
  Path Group:             (none)
  Path Type:              Max at Slow Process Corner
  Data Path Delay:        17.582ns  (logic 6.281ns (35.724%)  route 11.301ns (64.276%))
  Logic Levels:           18  (CARRY4=8 FDRE=1 LUT2=2 LUT3=2 LUT4=1 LUT5=1 LUT6=3)

    Location             Delay type                Incr(ns)  Path(ns)    Netlist Resource(s)
  -------------------------------------------------------------------    -------------------
    SLICE_X29Y31         FDRE                         0.000     0.000 r  vga/VGA_ADDR_L_reg[1]/C
    SLICE_X29Y31         FDRE (Prop_fdre_C_Q)         0.456     0.456 r  vga/VGA_ADDR_L_reg[1]/Q
                         net (fo=24, routed)          1.029     1.485    vga/text_mod_inst/full_addr[1]
    SLICE_X28Y32         CARRY4 (Prop_carry4_S[0]_CO[3])
                                                      0.637     2.122 r  vga/text_mod_inst/new_address3_carry/CO[3]
                         net (fo=1, routed)           0.000     2.122    vga/text_mod_inst/new_address3_carry_n_1
    SLICE_X28Y33         CARRY4 (Prop_carry4_CI_O[1])
                                                      0.323     2.445 r  vga/text_mod_inst/new_address3_carry__0/O[1]
                         net (fo=21, routed)          2.190     4.635    vga/text_mod_inst/new_address4[6]
    SLICE_X25Y32         LUT3 (Prop_lut3_I0_O)        0.334     4.969 r  vga/text_mod_inst/i__carry__1_i_1/O
                         net (fo=1, routed)           0.792     5.761    vga/text_mod_inst/i__carry__1_i_1_n_1
    SLICE_X22Y32         CARRY4 (Prop_carry4_DI[3]_CO[3])
                                                      0.587     6.348 r  vga/text_mod_inst/new_address2_inferred__0/i__carry__1/CO[3]
                         net (fo=1, routed)           0.000     6.348    vga/text_mod_inst/new_address2_inferred__0/i__carry__1_n_1
    SLICE_X22Y33         CARRY4 (Prop_carry4_CI_O[0])
                                                      0.222     6.570 r  vga/text_mod_inst/new_address2_inferred__0/i__carry__2/O[0]
                         net (fo=3, routed)           1.122     7.691    vga/text_mod_inst/new_address2_inferred__0/i__carry__2_n_8
    SLICE_X24Y31         LUT3 (Prop_lut3_I0_O)        0.325     8.016 r  vga/text_mod_inst/i___51_carry__1_i_10/O
                         net (fo=2, routed)           1.159     9.175    vga/text_mod_inst/i___51_carry__1_i_10_n_1
    SLICE_X25Y33         LUT5 (Prop_lut5_I0_O)        0.356     9.531 r  vga/text_mod_inst/i___51_carry__1_i_2/O
                         net (fo=2, routed)           0.993    10.524    vga/text_mod_inst/i___51_carry__1_i_2_n_1
    SLICE_X23Y33         LUT6 (Prop_lut6_I0_O)        0.326    10.850 r  vga/text_mod_inst/i___51_carry__1_i_6/O
                         net (fo=1, routed)           0.000    10.850    vga/text_mod_inst/i___51_carry__1_i_6_n_1
    SLICE_X23Y33         CARRY4 (Prop_carry4_S[2]_CO[3])
                                                      0.398    11.248 r  vga/text_mod_inst/new_address2_inferred__0/i___51_carry__1/CO[3]
                         net (fo=1, routed)           0.000    11.248    vga/text_mod_inst/new_address2_inferred__0/i___51_carry__1_n_1
    SLICE_X23Y34         CARRY4 (Prop_carry4_CI_O[1])
                                                      0.334    11.582 r  vga/text_mod_inst/new_address2_inferred__0/i___51_carry__2/O[1]
                         net (fo=2, routed)           0.821    12.403    vga/text_mod_inst/new_address2_inferred__0/i___51_carry__2_n_7
    SLICE_X22Y35         LUT2 (Prop_lut2_I0_O)        0.303    12.706 r  vga/text_mod_inst/i___82_carry_i_2/O
                         net (fo=1, routed)           0.000    12.706    vga/text_mod_inst/i___82_carry_i_2_n_1
    SLICE_X22Y35         CARRY4 (Prop_carry4_S[1]_O[2])
                                                      0.580    13.286 r  vga/text_mod_inst/new_address2_inferred__0/i___82_carry/O[2]
                         net (fo=1, routed)           0.794    14.080    vga/text_mod_inst/new_address2_inferred__0/i___82_carry_n_6
    SLICE_X25Y35         LUT2 (Prop_lut2_I1_O)        0.302    14.382 r  vga/text_mod_inst/i___88_carry__0_i_1/O
                         net (fo=1, routed)           0.000    14.382    vga/text_mod_inst/i___88_carry__0_i_1_n_1
    SLICE_X25Y35         CARRY4 (Prop_carry4_S[2]_O[2])
                                                      0.248    14.630 f  vga/text_mod_inst/new_address2_inferred__0/i___88_carry__0/O[2]
                         net (fo=1, routed)           0.819    15.448    vga/text_mod_inst/new_address2_inferred__0/i___88_carry__0_n_6
    SLICE_X25Y33         LUT4 (Prop_lut4_I1_O)        0.302    15.750 r  vga/text_mod_inst/VGA_ADDR_L[7]_i_6/O
                         net (fo=14, routed)          1.432    17.183    vga/text_mod_inst/VGA_ADDR_L[7]_i_6_n_1
    SLICE_X35Y35         LUT6 (Prop_lut6_I4_O)        0.124    17.307 r  vga/text_mod_inst/VGA_ADDR_L[0]_i_2/O
                         net (fo=1, routed)           0.151    17.458    vga/text_mod_inst/VGA_ADDR_L[0]_i_2_n_1
    SLICE_X35Y35         LUT6 (Prop_lut6_I5_O)        0.124    17.582 r  vga/text_mod_inst/VGA_ADDR_L[0]_i_1/O
                         net (fo=1, routed)           0.000    17.582    vga/new_l_address[0]
    SLICE_X35Y35         FDRE                                         r  vga/VGA_ADDR_L_reg[0]/D
  -------------------------------------------------------------------    -------------------

Slack:                    inf
  Source:                 vga/VGA_ADDR_L_reg[1]/C
                            (rising edge-triggered cell FDRE)
  Destination:            vga/VGA_ADDR_H_reg[3]/D
  Path Group:             (none)
  Path Type:              Max at Slow Process Corner
  Data Path Delay:        17.557ns  (logic 6.281ns (35.775%)  route 11.276ns (64.225%))
  Logic Levels:           18  (CARRY4=8 FDRE=1 LUT2=2 LUT3=2 LUT4=1 LUT5=1 LUT6=3)

    Location             Delay type                Incr(ns)  Path(ns)    Netlist Resource(s)
  -------------------------------------------------------------------    -------------------
    SLICE_X29Y31         FDRE                         0.000     0.000 r  vga/VGA_ADDR_L_reg[1]/C
    SLICE_X29Y31         FDRE (Prop_fdre_C_Q)         0.456     0.456 r  vga/VGA_ADDR_L_reg[1]/Q
                         net (fo=24, routed)          1.029     1.485    vga/text_mod_inst/full_addr[1]
    SLICE_X28Y32         CARRY4 (Prop_carry4_S[0]_CO[3])
                                                      0.637     2.122 r  vga/text_mod_inst/new_address3_carry/CO[3]
                         net (fo=1, routed)           0.000     2.122    vga/text_mod_inst/new_address3_carry_n_1
    SLICE_X28Y33         CARRY4 (Prop_carry4_CI_O[1])
                                                      0.323     2.445 r  vga/text_mod_inst/new_address3_carry__0/O[1]
                         net (fo=21, routed)          2.190     4.635    vga/text_mod_inst/new_address4[6]
    SLICE_X25Y32         LUT3 (Prop_lut3_I0_O)        0.334     4.969 r  vga/text_mod_inst/i__carry__1_i_1/O
                         net (fo=1, routed)           0.792     5.761    vga/text_mod_inst/i__carry__1_i_1_n_1
    SLICE_X22Y32         CARRY4 (Prop_carry4_DI[3]_CO[3])
                                                      0.587     6.348 r  vga/text_mod_inst/new_address2_inferred__0/i__carry__1/CO[3]
                         net (fo=1, routed)           0.000     6.348    vga/text_mod_inst/new_address2_inferred__0/i__carry__1_n_1
    SLICE_X22Y33         CARRY4 (Prop_carry4_CI_O[0])
                                                      0.222     6.570 r  vga/text_mod_inst/new_address2_inferred__0/i__carry__2/O[0]
                         net (fo=3, routed)           1.122     7.691    vga/text_mod_inst/new_address2_inferred__0/i__carry__2_n_8
    SLICE_X24Y31         LUT3 (Prop_lut3_I0_O)        0.325     8.016 r  vga/text_mod_inst/i___51_carry__1_i_10/O
                         net (fo=2, routed)           1.159     9.175    vga/text_mod_inst/i___51_carry__1_i_10_n_1
    SLICE_X25Y33         LUT5 (Prop_lut5_I0_O)        0.356     9.531 r  vga/text_mod_inst/i___51_carry__1_i_2/O
                         net (fo=2, routed)           0.993    10.524    vga/text_mod_inst/i___51_carry__1_i_2_n_1
    SLICE_X23Y33         LUT6 (Prop_lut6_I0_O)        0.326    10.850 r  vga/text_mod_inst/i___51_carry__1_i_6/O
                         net (fo=1, routed)           0.000    10.850    vga/text_mod_inst/i___51_carry__1_i_6_n_1
    SLICE_X23Y33         CARRY4 (Prop_carry4_S[2]_CO[3])
                                                      0.398    11.248 r  vga/text_mod_inst/new_address2_inferred__0/i___51_carry__1/CO[3]
                         net (fo=1, routed)           0.000    11.248    vga/text_mod_inst/new_address2_inferred__0/i___51_carry__1_n_1
    SLICE_X23Y34         CARRY4 (Prop_carry4_CI_O[1])
                                                      0.334    11.582 r  vga/text_mod_inst/new_address2_inferred__0/i___51_carry__2/O[1]
                         net (fo=2, routed)           0.821    12.403    vga/text_mod_inst/new_address2_inferred__0/i___51_carry__2_n_7
    SLICE_X22Y35         LUT2 (Prop_lut2_I0_O)        0.303    12.706 r  vga/text_mod_inst/i___82_carry_i_2/O
                         net (fo=1, routed)           0.000    12.706    vga/text_mod_inst/i___82_carry_i_2_n_1
    SLICE_X22Y35         CARRY4 (Prop_carry4_S[1]_O[2])
                                                      0.580    13.286 r  vga/text_mod_inst/new_address2_inferred__0/i___82_carry/O[2]
                         net (fo=1, routed)           0.794    14.080    vga/text_mod_inst/new_address2_inferred__0/i___82_carry_n_6
    SLICE_X25Y35         LUT2 (Prop_lut2_I1_O)        0.302    14.382 r  vga/text_mod_inst/i___88_carry__0_i_1/O
                         net (fo=1, routed)           0.000    14.382    vga/text_mod_inst/i___88_carry__0_i_1_n_1
    SLICE_X25Y35         CARRY4 (Prop_carry4_S[2]_O[2])
                                                      0.248    14.630 f  vga/text_mod_inst/new_address2_inferred__0/i___88_carry__0/O[2]
                         net (fo=1, routed)           0.819    15.448    vga/text_mod_inst/new_address2_inferred__0/i___88_carry__0_n_6
    SLICE_X25Y33         LUT4 (Prop_lut4_I1_O)        0.302    15.750 r  vga/text_mod_inst/VGA_ADDR_L[7]_i_6/O
                         net (fo=14, routed)          1.296    17.046    vga/text_mod_inst/VGA_ADDR_L[7]_i_6_n_1
    SLICE_X29Y33         LUT6 (Prop_lut6_I3_O)        0.124    17.170 r  vga/text_mod_inst/VGA_ADDR_H[3]_i_2/O
                         net (fo=1, routed)           0.263    17.433    vga/text_mod_inst/VGA_ADDR_H[3]_i_2_n_1
    SLICE_X29Y33         LUT6 (Prop_lut6_I5_O)        0.124    17.557 r  vga/text_mod_inst/VGA_ADDR_H[3]_i_1/O
                         net (fo=1, routed)           0.000    17.557    vga/new_h_address[3]
    SLICE_X29Y33         FDRE                                         r  vga/VGA_ADDR_H_reg[3]/D
  -------------------------------------------------------------------    -------------------

Slack:                    inf
  Source:                 vga/VGA_ADDR_L_reg[1]/C
                            (rising edge-triggered cell FDRE)
  Destination:            vga/VGA_ADDR_H_reg[5]/D
  Path Group:             (none)
  Path Type:              Max at Slow Process Corner
  Data Path Delay:        17.537ns  (logic 6.281ns (35.816%)  route 11.256ns (64.184%))
  Logic Levels:           18  (CARRY4=8 FDRE=1 LUT2=2 LUT3=2 LUT4=1 LUT5=1 LUT6=3)

    Location             Delay type                Incr(ns)  Path(ns)    Netlist Resource(s)
  -------------------------------------------------------------------    -------------------
    SLICE_X29Y31         FDRE                         0.000     0.000 r  vga/VGA_ADDR_L_reg[1]/C
    SLICE_X29Y31         FDRE (Prop_fdre_C_Q)         0.456     0.456 r  vga/VGA_ADDR_L_reg[1]/Q
                         net (fo=24, routed)          1.029     1.485    vga/text_mod_inst/full_addr[1]
    SLICE_X28Y32         CARRY4 (Prop_carry4_S[0]_CO[3])
                                                      0.637     2.122 r  vga/text_mod_inst/new_address3_carry/CO[3]
                         net (fo=1, routed)           0.000     2.122    vga/text_mod_inst/new_address3_carry_n_1
    SLICE_X28Y33         CARRY4 (Prop_carry4_CI_O[1])
                                                      0.323     2.445 r  vga/text_mod_inst/new_address3_carry__0/O[1]
                         net (fo=21, routed)          2.190     4.635    vga/text_mod_inst/new_address4[6]
    SLICE_X25Y32         LUT3 (Prop_lut3_I0_O)        0.334     4.969 r  vga/text_mod_inst/i__carry__1_i_1/O
                         net (fo=1, routed)           0.792     5.761    vga/text_mod_inst/i__carry__1_i_1_n_1
    SLICE_X22Y32         CARRY4 (Prop_carry4_DI[3]_CO[3])
                                                      0.587     6.348 r  vga/text_mod_inst/new_address2_inferred__0/i__carry__1/CO[3]
                         net (fo=1, routed)           0.000     6.348    vga/text_mod_inst/new_address2_inferred__0/i__carry__1_n_1
    SLICE_X22Y33         CARRY4 (Prop_carry4_CI_O[0])
                                                      0.222     6.570 r  vga/text_mod_inst/new_address2_inferred__0/i__carry__2/O[0]
                         net (fo=3, routed)           1.122     7.691    vga/text_mod_inst/new_address2_inferred__0/i__carry__2_n_8
    SLICE_X24Y31         LUT3 (Prop_lut3_I0_O)        0.325     8.016 r  vga/text_mod_inst/i___51_carry__1_i_10/O
                         net (fo=2, routed)           1.159     9.175    vga/text_mod_inst/i___51_carry__1_i_10_n_1
    SLICE_X25Y33         LUT5 (Prop_lut5_I0_O)        0.356     9.531 r  vga/text_mod_inst/i___51_carry__1_i_2/O
                         net (fo=2, routed)           0.993    10.524    vga/text_mod_inst/i___51_carry__1_i_2_n_1
    SLICE_X23Y33         LUT6 (Prop_lut6_I0_O)        0.326    10.850 r  vga/text_mod_inst/i___51_carry__1_i_6/O
                         net (fo=1, routed)           0.000    10.850    vga/text_mod_inst/i___51_carry__1_i_6_n_1
    SLICE_X23Y33         CARRY4 (Prop_carry4_S[2]_CO[3])
                                                      0.398    11.248 r  vga/text_mod_inst/new_address2_inferred__0/i___51_carry__1/CO[3]
                         net (fo=1, routed)           0.000    11.248    vga/text_mod_inst/new_address2_inferred__0/i___51_carry__1_n_1
    SLICE_X23Y34         CARRY4 (Prop_carry4_CI_O[1])
                                                      0.334    11.582 r  vga/text_mod_inst/new_address2_inferred__0/i___51_carry__2/O[1]
                         net (fo=2, routed)           0.821    12.403    vga/text_mod_inst/new_address2_inferred__0/i___51_carry__2_n_7
    SLICE_X22Y35         LUT2 (Prop_lut2_I0_O)        0.303    12.706 r  vga/text_mod_inst/i___82_carry_i_2/O
                         net (fo=1, routed)           0.000    12.706    vga/text_mod_inst/i___82_carry_i_2_n_1
    SLICE_X22Y35         CARRY4 (Prop_carry4_S[1]_O[2])
                                                      0.580    13.286 r  vga/text_mod_inst/new_address2_inferred__0/i___82_carry/O[2]
                         net (fo=1, routed)           0.794    14.080    vga/text_mod_inst/new_address2_inferred__0/i___82_carry_n_6
    SLICE_X25Y35         LUT2 (Prop_lut2_I1_O)        0.302    14.382 r  vga/text_mod_inst/i___88_carry__0_i_1/O
                         net (fo=1, routed)           0.000    14.382    vga/text_mod_inst/i___88_carry__0_i_1_n_1
    SLICE_X25Y35         CARRY4 (Prop_carry4_S[2]_O[2])
                                                      0.248    14.630 f  vga/text_mod_inst/new_address2_inferred__0/i___88_carry__0/O[2]
                         net (fo=1, routed)           0.819    15.448    vga/text_mod_inst/new_address2_inferred__0/i___88_carry__0_n_6
    SLICE_X25Y33         LUT4 (Prop_lut4_I1_O)        0.302    15.750 r  vga/text_mod_inst/VGA_ADDR_L[7]_i_6/O
                         net (fo=14, routed)          0.871    16.622    vga/text_mod_inst/VGA_ADDR_L[7]_i_6_n_1
    SLICE_X27Y35         LUT6 (Prop_lut6_I3_O)        0.124    16.746 r  vga/text_mod_inst/VGA_ADDR_H[5]_i_2/O
                         net (fo=1, routed)           0.667    17.413    vga/text_mod_inst/VGA_ADDR_H[5]_i_2_n_1
    SLICE_X27Y35         LUT6 (Prop_lut6_I5_O)        0.124    17.537 r  vga/text_mod_inst/VGA_ADDR_H[5]_i_1/O
                         net (fo=1, routed)           0.000    17.537    vga/new_h_address[5]
    SLICE_X27Y35         FDRE                                         r  vga/VGA_ADDR_H_reg[5]/D
  -------------------------------------------------------------------    -------------------





Min Delay Paths
--------------------------------------------------------------------------------------
Slack:                    inf
  Source:                 <hidden>
                            (rising edge-triggered cell FDRE)
  Destination:            <hidden>
  Path Group:             (none)
  Path Type:              Min at Fast Process Corner
  Data Path Delay:        0.211ns  (logic 0.141ns (66.871%)  route 0.070ns (33.129%))
  Logic Levels:           1  (FDRE=1)

    Location             Delay type                Incr(ns)  Path(ns)    Netlist Resource(s)
  -------------------------------------------------------------------    -------------------
    SLICE_X36Y5          FDRE                         0.000     0.000 r  <hidden>
    SLICE_X36Y5          FDRE (Prop_fdre_C_Q)         0.141     0.141 r  <hidden>
                         net (fo=5, routed)           0.070     0.211    <hidden>
    SLICE_X36Y5          FDRE                                         r  <hidden>
  -------------------------------------------------------------------    -------------------

Slack:                    inf
  Source:                 <hidden>
                            (rising edge-triggered cell FDRE)
  Destination:            <hidden>
  Path Group:             (none)
  Path Type:              Min at Fast Process Corner
  Data Path Delay:        0.217ns  (logic 0.141ns (64.846%)  route 0.076ns (35.154%))
  Logic Levels:           1  (FDRE=1)

    Location             Delay type                Incr(ns)  Path(ns)    Netlist Resource(s)
  -------------------------------------------------------------------    -------------------
    SLICE_X35Y21         FDRE                         0.000     0.000 r  <hidden>
    SLICE_X35Y21         FDRE (Prop_fdre_C_Q)         0.141     0.141 r  <hidden>
                         net (fo=320, routed)         0.076     0.217    <hidden>
    SLICE_X34Y21         RAMD64E                                      r  <hidden>
  -------------------------------------------------------------------    -------------------

Slack:                    inf
  Source:                 <hidden>
                            (rising edge-triggered cell FDRE)
  Destination:            <hidden>
  Path Group:             (none)
  Path Type:              Min at Fast Process Corner
  Data Path Delay:        0.217ns  (logic 0.141ns (64.846%)  route 0.076ns (35.154%))
  Logic Levels:           1  (FDRE=1)

    Location             Delay type                Incr(ns)  Path(ns)    Netlist Resource(s)
  -------------------------------------------------------------------    -------------------
    SLICE_X35Y21         FDRE                         0.000     0.000 r  <hidden>
    SLICE_X35Y21         FDRE (Prop_fdre_C_Q)         0.141     0.141 r  <hidden>
                         net (fo=320, routed)         0.076     0.217    <hidden>
    SLICE_X34Y21         RAMD64E                                      r  <hidden>
  -------------------------------------------------------------------    -------------------

Slack:                    inf
  Source:                 <hidden>
                            (rising edge-triggered cell FDRE)
  Destination:            <hidden>
  Path Group:             (none)
  Path Type:              Min at Fast Process Corner
  Data Path Delay:        0.217ns  (logic 0.141ns (64.846%)  route 0.076ns (35.154%))
  Logic Levels:           1  (FDRE=1)

    Location             Delay type                Incr(ns)  Path(ns)    Netlist Resource(s)
  -------------------------------------------------------------------    -------------------
    SLICE_X35Y21         FDRE                         0.000     0.000 r  <hidden>
    SLICE_X35Y21         FDRE (Prop_fdre_C_Q)         0.141     0.141 r  <hidden>
                         net (fo=320, routed)         0.076     0.217    <hidden>
    SLICE_X34Y21         RAMD64E                                      r  <hidden>
  -------------------------------------------------------------------    -------------------

Slack:                    inf
  Source:                 <hidden>
                            (rising edge-triggered cell FDRE)
  Destination:            <hidden>
  Path Group:             (none)
  Path Type:              Min at Fast Process Corner
  Data Path Delay:        0.217ns  (logic 0.141ns (64.846%)  route 0.076ns (35.154%))
  Logic Levels:           1  (FDRE=1)

    Location             Delay type                Incr(ns)  Path(ns)    Netlist Resource(s)
  -------------------------------------------------------------------    -------------------
    SLICE_X35Y21         FDRE                         0.000     0.000 r  <hidden>
    SLICE_X35Y21         FDRE (Prop_fdre_C_Q)         0.141     0.141 r  <hidden>
                         net (fo=320, routed)         0.076     0.217    <hidden>
    SLICE_X34Y21         RAMD64E                                      r  <hidden>
  -------------------------------------------------------------------    -------------------

Slack:                    inf
  Source:                 <hidden>
                            (rising edge-triggered cell FDSE)
  Destination:            <hidden>
  Path Group:             (none)
  Path Type:              Min at Fast Process Corner
  Data Path Delay:        0.221ns  (logic 0.141ns (63.821%)  route 0.080ns (36.179%))
  Logic Levels:           1  (FDSE=1)

    Location             Delay type                Incr(ns)  Path(ns)    Netlist Resource(s)
  -------------------------------------------------------------------    -------------------
    SLICE_X36Y5          FDSE                         0.000     0.000 r  <hidden>
    SLICE_X36Y5          FDSE (Prop_fdse_C_Q)         0.141     0.141 r  <hidden>
                         net (fo=6, routed)           0.080     0.221    <hidden>
    SLICE_X36Y5          FDRE                                         r  <hidden>
  -------------------------------------------------------------------    -------------------

Slack:                    inf
  Source:                 <hidden>
                            (rising edge-triggered cell FDRE)
  Destination:            <hidden>
  Path Group:             (none)
  Path Type:              Min at Fast Process Corner
  Data Path Delay:        0.230ns  (logic 0.141ns (61.385%)  route 0.089ns (38.615%))
  Logic Levels:           1  (FDRE=1)

    Location             Delay type                Incr(ns)  Path(ns)    Netlist Resource(s)
  -------------------------------------------------------------------    -------------------
    SLICE_X35Y15         FDRE                         0.000     0.000 r  <hidden>
    SLICE_X35Y15         FDRE (Prop_fdre_C_Q)         0.141     0.141 r  <hidden>
                         net (fo=320, routed)         0.089     0.230    <hidden>
    SLICE_X34Y15         RAMD64E                                      r  <hidden>
  -------------------------------------------------------------------    -------------------

Slack:                    inf
  Source:                 <hidden>
                            (rising edge-triggered cell FDRE)
  Destination:            <hidden>
  Path Group:             (none)
  Path Type:              Min at Fast Process Corner
  Data Path Delay:        0.230ns  (logic 0.141ns (61.385%)  route 0.089ns (38.615%))
  Logic Levels:           1  (FDRE=1)

    Location             Delay type                Incr(ns)  Path(ns)    Netlist Resource(s)
  -------------------------------------------------------------------    -------------------
    SLICE_X35Y15         FDRE                         0.000     0.000 r  <hidden>
    SLICE_X35Y15         FDRE (Prop_fdre_C_Q)         0.141     0.141 r  <hidden>
                         net (fo=320, routed)         0.089     0.230    <hidden>
    SLICE_X34Y15         RAMD64E                                      r  <hidden>
  -------------------------------------------------------------------    -------------------

Slack:                    inf
  Source:                 <hidden>
                            (rising edge-triggered cell FDRE)
  Destination:            <hidden>
  Path Group:             (none)
  Path Type:              Min at Fast Process Corner
  Data Path Delay:        0.230ns  (logic 0.141ns (61.385%)  route 0.089ns (38.615%))
  Logic Levels:           1  (FDRE=1)

    Location             Delay type                Incr(ns)  Path(ns)    Netlist Resource(s)
  -------------------------------------------------------------------    -------------------
    SLICE_X35Y15         FDRE                         0.000     0.000 r  <hidden>
    SLICE_X35Y15         FDRE (Prop_fdre_C_Q)         0.141     0.141 r  <hidden>
                         net (fo=320, routed)         0.089     0.230    <hidden>
    SLICE_X34Y15         RAMD64E                                      r  <hidden>
  -------------------------------------------------------------------    -------------------

Slack:                    inf
  Source:                 <hidden>
                            (rising edge-triggered cell FDRE)
  Destination:            <hidden>
  Path Group:             (none)
  Path Type:              Min at Fast Process Corner
  Data Path Delay:        0.230ns  (logic 0.141ns (61.385%)  route 0.089ns (38.615%))
  Logic Levels:           1  (FDRE=1)

    Location             Delay type                Incr(ns)  Path(ns)    Netlist Resource(s)
  -------------------------------------------------------------------    -------------------
    SLICE_X35Y15         FDRE                         0.000     0.000 r  <hidden>
    SLICE_X35Y15         FDRE (Prop_fdre_C_Q)         0.141     0.141 r  <hidden>
                         net (fo=320, routed)         0.089     0.230    <hidden>
    SLICE_X34Y15         RAMD64E                                      r  <hidden>
  -------------------------------------------------------------------    -------------------





--------------------------------------------------------------------------------------
Path Group:  (none)
From Clock:  clk_out1_clk_wiz_0
  To Clock:  

Max Delay            16 Endpoints
Min Delay            16 Endpoints
--------------------------------------------------------------------------------------


Max Delay Paths
--------------------------------------------------------------------------------------
Slack:                    inf
  Source:                 vga/VGA_H/h_count_reg[4]/C
                            (rising edge-triggered cell FDRE clocked by clk_out1_clk_wiz_0  {rise@0.000ns fall@19.862ns period=39.724ns})
  Destination:            <hidden>
  Path Group:             (none)
  Path Type:              Max at Slow Process Corner
  Data Path Delay:        30.044ns  (logic 1.450ns (4.826%)  route 28.594ns (95.174%))
  Logic Levels:           6  (LUT5=1 LUT6=2 MUXF7=1 MUXF8=1 RAMD64E=1)
  Clock Uncertainty:      0.508ns  ((TSJ^2 + DJ^2)^1/2) / 2 + PE
    Total System Jitter     (TSJ):    0.050ns
    Discrete Jitter          (DJ):    0.281ns
    Phase Error              (PE):    0.365ns

    Location             Delay type                Incr(ns)  Path(ns)    Netlist Resource(s)
  -------------------------------------------------------------------    -------------------
                         (clock clk_out1_clk_wiz_0 rise edge)
                                                      0.000     0.000 r  
    BUFGCTRL_X0Y0        BUFG                         0.000     0.000 r  clk_IBUF_BUFG_inst/O
                         net (fo=2128, routed)        1.677     1.677    vga/pll_inst/inst/clk_in1
    MMCME2_ADV_X0Y0      MMCME2_ADV (Prop_mmcme2_adv_CLKIN1_CLKOUT0)
                                                     -3.538    -1.861 r  vga/pll_inst/inst/mmcm_adv_inst/CLKOUT0
                         net (fo=1, routed)           1.760    -0.101    vga/pll_inst/inst/clk_out1_clk_wiz_0
    BUFGCTRL_X0Y1        BUFG (Prop_bufg_I_O)         0.101     0.000 r  vga/pll_inst/inst/clkout1_buf/O
                         net (fo=71, routed)          1.681     1.681    vga/VGA_H/CLK
    SLICE_X7Y6           FDRE                                         r  vga/VGA_H/h_count_reg[4]/C
  -------------------------------------------------------------------    -------------------
    SLICE_X7Y6           FDRE (Prop_fdre_C_Q)         0.456     2.137 r  vga/VGA_H/h_count_reg[4]/Q
                         net (fo=1373, routed)       25.104    27.241    <hidden>
    SLICE_X28Y41         RAMD64E (Prop_ramd64e_RADR0_O)
                                                      0.124    27.365 r  <hidden>
                         net (fo=1, routed)           1.307    28.672    <hidden>
    SLICE_X29Y32         LUT6 (Prop_lut6_I3_O)        0.124    28.796 r  <hidden>
                         net (fo=1, routed)           0.000    28.796    <hidden>
    SLICE_X29Y32         MUXF7 (Prop_muxf7_I0_O)      0.212    29.008 r  <hidden>
                         net (fo=1, routed)           0.000    29.008    <hidden>
    SLICE_X29Y32         MUXF8 (Prop_muxf8_I1_O)      0.094    29.102 r  <hidden>
                         net (fo=1, routed)           0.821    29.924    <hidden>
    SLICE_X29Y24         LUT6 (Prop_lut6_I5_O)        0.316    30.240 r  <hidden>
                         net (fo=1, routed)           1.362    31.601    <hidden>
    SLICE_X27Y12         LUT5 (Prop_lut5_I4_O)        0.124    31.725 r  <hidden>
                         net (fo=1, routed)           0.000    31.725    <hidden>
    SLICE_X27Y12         FDRE                                         r  <hidden>
  -------------------------------------------------------------------    -------------------

Slack:                    inf
  Source:                 vga/VGA_H/h_count_reg[4]/C
                            (rising edge-triggered cell FDRE clocked by clk_out1_clk_wiz_0  {rise@0.000ns fall@19.862ns period=39.724ns})
  Destination:            <hidden>
  Path Group:             (none)
  Path Type:              Max at Slow Process Corner
  Data Path Delay:        29.878ns  (logic 1.455ns (4.870%)  route 28.423ns (95.130%))
  Logic Levels:           6  (LUT5=1 LUT6=2 MUXF7=1 MUXF8=1 RAMD64E=1)
  Clock Uncertainty:      0.508ns  ((TSJ^2 + DJ^2)^1/2) / 2 + PE
    Total System Jitter     (TSJ):    0.050ns
    Discrete Jitter          (DJ):    0.281ns
    Phase Error              (PE):    0.365ns

    Location             Delay type                Incr(ns)  Path(ns)    Netlist Resource(s)
  -------------------------------------------------------------------    -------------------
                         (clock clk_out1_clk_wiz_0 rise edge)
                                                      0.000     0.000 r  
    BUFGCTRL_X0Y0        BUFG                         0.000     0.000 r  clk_IBUF_BUFG_inst/O
                         net (fo=2128, routed)        1.677     1.677    vga/pll_inst/inst/clk_in1
    MMCME2_ADV_X0Y0      MMCME2_ADV (Prop_mmcme2_adv_CLKIN1_CLKOUT0)
                                                     -3.538    -1.861 r  vga/pll_inst/inst/mmcm_adv_inst/CLKOUT0
                         net (fo=1, routed)           1.760    -0.101    vga/pll_inst/inst/clk_out1_clk_wiz_0
    BUFGCTRL_X0Y1        BUFG (Prop_bufg_I_O)         0.101     0.000 r  vga/pll_inst/inst/clkout1_buf/O
                         net (fo=71, routed)          1.681     1.681    vga/VGA_H/CLK
    SLICE_X7Y6           FDRE                                         r  vga/VGA_H/h_count_reg[4]/C
  -------------------------------------------------------------------    -------------------
    SLICE_X7Y6           FDRE (Prop_fdre_C_Q)         0.456     2.137 r  vga/VGA_H/h_count_reg[4]/Q
                         net (fo=1373, routed)       24.794    26.931    <hidden>
    SLICE_X28Y38         RAMD64E (Prop_ramd64e_RADR0_O)
                                                      0.124    27.055 r  <hidden>
                         net (fo=1, routed)           0.945    28.001    <hidden>
    SLICE_X27Y39         LUT6 (Prop_lut6_I5_O)        0.124    28.125 r  <hidden>
                         net (fo=1, routed)           0.000    28.125    <hidden>
    SLICE_X27Y39         MUXF7 (Prop_muxf7_I1_O)      0.217    28.342 r  <hidden>
                         net (fo=1, routed)           0.000    28.342    <hidden>
    SLICE_X27Y39         MUXF8 (Prop_muxf8_I1_O)      0.094    28.436 r  <hidden>
                         net (fo=1, routed)           1.111    29.547    <hidden>
    SLICE_X27Y29         LUT6 (Prop_lut6_I5_O)        0.316    29.863 r  <hidden>
                         net (fo=1, routed)           1.572    31.435    <hidden>
    SLICE_X26Y12         LUT5 (Prop_lut5_I4_O)        0.124    31.559 r  <hidden>
                         net (fo=1, routed)           0.000    31.559    <hidden>
    SLICE_X26Y12         FDRE                                         r  <hidden>
  -------------------------------------------------------------------    -------------------

Slack:                    inf
  Source:                 vga/VGA_H/h_count_reg[4]/C
                            (rising edge-triggered cell FDRE clocked by clk_out1_clk_wiz_0  {rise@0.000ns fall@19.862ns period=39.724ns})
  Destination:            <hidden>
  Path Group:             (none)
  Path Type:              Max at Slow Process Corner
  Data Path Delay:        29.828ns  (logic 1.455ns (4.878%)  route 28.373ns (95.122%))
  Logic Levels:           6  (LUT5=1 LUT6=2 MUXF7=1 MUXF8=1 RAMD64E=1)
  Clock Uncertainty:      0.508ns  ((TSJ^2 + DJ^2)^1/2) / 2 + PE
    Total System Jitter     (TSJ):    0.050ns
    Discrete Jitter          (DJ):    0.281ns
    Phase Error              (PE):    0.365ns

    Location             Delay type                Incr(ns)  Path(ns)    Netlist Resource(s)
  -------------------------------------------------------------------    -------------------
                         (clock clk_out1_clk_wiz_0 rise edge)
                                                      0.000     0.000 r  
    BUFGCTRL_X0Y0        BUFG                         0.000     0.000 r  clk_IBUF_BUFG_inst/O
                         net (fo=2128, routed)        1.677     1.677    vga/pll_inst/inst/clk_in1
    MMCME2_ADV_X0Y0      MMCME2_ADV (Prop_mmcme2_adv_CLKIN1_CLKOUT0)
                                                     -3.538    -1.861 r  vga/pll_inst/inst/mmcm_adv_inst/CLKOUT0
                         net (fo=1, routed)           1.760    -0.101    vga/pll_inst/inst/clk_out1_clk_wiz_0
    BUFGCTRL_X0Y1        BUFG (Prop_bufg_I_O)         0.101     0.000 r  vga/pll_inst/inst/clkout1_buf/O
                         net (fo=71, routed)          1.681     1.681    vga/VGA_H/CLK
    SLICE_X7Y6           FDRE                                         r  vga/VGA_H/h_count_reg[4]/C
  -------------------------------------------------------------------    -------------------
    SLICE_X7Y6           FDRE (Prop_fdre_C_Q)         0.456     2.137 r  vga/VGA_H/h_count_reg[4]/Q
                         net (fo=1373, routed)       24.830    26.967    <hidden>
    SLICE_X30Y38         RAMD64E (Prop_ramd64e_RADR0_O)
                                                      0.124    27.091 r  <hidden>
                         net (fo=1, routed)           1.319    28.410    <hidden>
    SLICE_X31Y41         LUT6 (Prop_lut6_I3_O)        0.124    28.534 r  <hidden>
                         net (fo=1, routed)           0.000    28.534    <hidden>
    SLICE_X31Y41         MUXF7 (Prop_muxf7_I1_O)      0.217    28.751 r  <hidden>
                         net (fo=1, routed)           0.000    28.751    <hidden>
    SLICE_X31Y41         MUXF8 (Prop_muxf8_I1_O)      0.094    28.845 r  <hidden>
                         net (fo=1, routed)           1.125    29.970    <hidden>
    SLICE_X31Y30         LUT6 (Prop_lut6_I5_O)        0.316    30.286 r  <hidden>
                         net (fo=1, routed)           1.099    31.385    <hidden>
    SLICE_X26Y11         LUT5 (Prop_lut5_I4_O)        0.124    31.509 r  <hidden>
                         net (fo=1, routed)           0.000    31.509    <hidden>
    SLICE_X26Y11         FDRE                                         r  <hidden>
  -------------------------------------------------------------------    -------------------

Slack:                    inf
  Source:                 vga/VGA_H/h_count_reg[4]/C
                            (rising edge-triggered cell FDRE clocked by clk_out1_clk_wiz_0  {rise@0.000ns fall@19.862ns period=39.724ns})
  Destination:            <hidden>
  Path Group:             (none)
  Path Type:              Max at Slow Process Corner
  Data Path Delay:        29.813ns  (logic 1.455ns (4.880%)  route 28.358ns (95.120%))
  Logic Levels:           6  (LUT5=1 LUT6=2 MUXF7=1 MUXF8=1 RAMD64E=1)
  Clock Uncertainty:      0.508ns  ((TSJ^2 + DJ^2)^1/2) / 2 + PE
    Total System Jitter     (TSJ):    0.050ns
    Discrete Jitter          (DJ):    0.281ns
    Phase Error              (PE):    0.365ns

    Location             Delay type                Incr(ns)  Path(ns)    Netlist Resource(s)
  -------------------------------------------------------------------    -------------------
                         (clock clk_out1_clk_wiz_0 rise edge)
                                                      0.000     0.000 r  
    BUFGCTRL_X0Y0        BUFG                         0.000     0.000 r  clk_IBUF_BUFG_inst/O
                         net (fo=2128, routed)        1.677     1.677    vga/pll_inst/inst/clk_in1
    MMCME2_ADV_X0Y0      MMCME2_ADV (Prop_mmcme2_adv_CLKIN1_CLKOUT0)
                                                     -3.538    -1.861 r  vga/pll_inst/inst/mmcm_adv_inst/CLKOUT0
                         net (fo=1, routed)           1.760    -0.101    vga/pll_inst/inst/clk_out1_clk_wiz_0
    BUFGCTRL_X0Y1        BUFG (Prop_bufg_I_O)         0.101     0.000 r  vga/pll_inst/inst/clkout1_buf/O
                         net (fo=71, routed)          1.681     1.681    vga/VGA_H/CLK
    SLICE_X7Y6           FDRE                                         r  vga/VGA_H/h_count_reg[4]/C
  -------------------------------------------------------------------    -------------------
    SLICE_X7Y6           FDRE (Prop_fdre_C_Q)         0.456     2.137 r  vga/VGA_H/h_count_reg[4]/Q
                         net (fo=1373, routed)       24.820    26.957    <hidden>
    SLICE_X30Y38         RAMD64E (Prop_ramd64e_RADR0_O)
                                                      0.124    27.081 r  <hidden>
                         net (fo=1, routed)           0.912    27.993    <hidden>
    SLICE_X29Y41         LUT6 (Prop_lut6_I3_O)        0.124    28.117 r  <hidden>
                         net (fo=1, routed)           0.000    28.117    <hidden>
    SLICE_X29Y41         MUXF7 (Prop_muxf7_I1_O)      0.217    28.334 r  <hidden>
                         net (fo=1, routed)           0.000    28.334    <hidden>
    SLICE_X29Y41         MUXF8 (Prop_muxf8_I1_O)      0.094    28.428 r  <hidden>
                         net (fo=1, routed)           1.391    29.820    <hidden>
    SLICE_X31Y30         LUT6 (Prop_lut6_I5_O)        0.316    30.136 r  <hidden>
                         net (fo=1, routed)           1.234    31.370    <hidden>
    SLICE_X26Y12         LUT5 (Prop_lut5_I4_O)        0.124    31.494 r  <hidden>
                         net (fo=1, routed)           0.000    31.494    <hidden>
    SLICE_X26Y12         FDRE                                         r  <hidden>
  -------------------------------------------------------------------    -------------------

Slack:                    inf
  Source:                 vga/VGA_H/h_count_reg[4]/C
                            (rising edge-triggered cell FDRE clocked by clk_out1_clk_wiz_0  {rise@0.000ns fall@19.862ns period=39.724ns})
  Destination:            <hidden>
  Path Group:             (none)
  Path Type:              Max at Slow Process Corner
  Data Path Delay:        29.680ns  (logic 1.450ns (4.885%)  route 28.230ns (95.115%))
  Logic Levels:           6  (LUT5=1 LUT6=2 MUXF7=1 MUXF8=1 RAMD64E=1)
  Clock Uncertainty:      0.508ns  ((TSJ^2 + DJ^2)^1/2) / 2 + PE
    Total System Jitter     (TSJ):    0.050ns
    Discrete Jitter          (DJ):    0.281ns
    Phase Error              (PE):    0.365ns

    Location             Delay type                Incr(ns)  Path(ns)    Netlist Resource(s)
  -------------------------------------------------------------------    -------------------
                         (clock clk_out1_clk_wiz_0 rise edge)
                                                      0.000     0.000 r  
    BUFGCTRL_X0Y0        BUFG                         0.000     0.000 r  clk_IBUF_BUFG_inst/O
                         net (fo=2128, routed)        1.677     1.677    vga/pll_inst/inst/clk_in1
    MMCME2_ADV_X0Y0      MMCME2_ADV (Prop_mmcme2_adv_CLKIN1_CLKOUT0)
                                                     -3.538    -1.861 r  vga/pll_inst/inst/mmcm_adv_inst/CLKOUT0
                         net (fo=1, routed)           1.760    -0.101    vga/pll_inst/inst/clk_out1_clk_wiz_0
    BUFGCTRL_X0Y1        BUFG (Prop_bufg_I_O)         0.101     0.000 r  vga/pll_inst/inst/clkout1_buf/O
                         net (fo=71, routed)          1.681     1.681    vga/VGA_H/CLK
    SLICE_X7Y6           FDRE                                         r  vga/VGA_H/h_count_reg[4]/C
  -------------------------------------------------------------------    -------------------
    SLICE_X7Y6           FDRE (Prop_fdre_C_Q)         0.456     2.137 r  vga/VGA_H/h_count_reg[4]/Q
                         net (fo=1373, routed)       24.615    26.752    <hidden>
    SLICE_X28Y36         RAMD64E (Prop_ramd64e_RADR0_O)
                                                      0.124    26.876 r  <hidden>
                         net (fo=1, routed)           1.171    28.048    <hidden>
    SLICE_X29Y42         LUT6 (Prop_lut6_I5_O)        0.124    28.172 r  <hidden>
                         net (fo=1, routed)           0.000    28.172    <hidden>
    SLICE_X29Y42         MUXF7 (Prop_muxf7_I0_O)      0.212    28.384 r  <hidden>
                         net (fo=1, routed)           0.000    28.384    <hidden>
    SLICE_X29Y42         MUXF8 (Prop_muxf8_I1_O)      0.094    28.478 r  <hidden>
                         net (fo=1, routed)           1.079    29.557    <hidden>
    SLICE_X29Y24         LUT6 (Prop_lut6_I5_O)        0.316    29.873 r  <hidden>
                         net (fo=1, routed)           1.364    31.237    <hidden>
    SLICE_X27Y12         LUT5 (Prop_lut5_I4_O)        0.124    31.361 r  <hidden>
                         net (fo=1, routed)           0.000    31.361    <hidden>
    SLICE_X27Y12         FDRE                                         r  <hidden>
  -------------------------------------------------------------------    -------------------

Slack:                    inf
  Source:                 vga/VGA_H/h_count_reg[4]/C
                            (rising edge-triggered cell FDRE clocked by clk_out1_clk_wiz_0  {rise@0.000ns fall@19.862ns period=39.724ns})
  Destination:            <hidden>
  Path Group:             (none)
  Path Type:              Max at Slow Process Corner
  Data Path Delay:        28.549ns  (logic 1.455ns (5.097%)  route 27.094ns (94.903%))
  Logic Levels:           6  (LUT5=1 LUT6=2 MUXF7=1 MUXF8=1 RAMD64E=1)
  Clock Uncertainty:      0.508ns  ((TSJ^2 + DJ^2)^1/2) / 2 + PE
    Total System Jitter     (TSJ):    0.050ns
    Discrete Jitter          (DJ):    0.281ns
    Phase Error              (PE):    0.365ns

    Location             Delay type                Incr(ns)  Path(ns)    Netlist Resource(s)
  -------------------------------------------------------------------    -------------------
                         (clock clk_out1_clk_wiz_0 rise edge)
                                                      0.000     0.000 r  
    BUFGCTRL_X0Y0        BUFG                         0.000     0.000 r  clk_IBUF_BUFG_inst/O
                         net (fo=2128, routed)        1.677     1.677    vga/pll_inst/inst/clk_in1
    MMCME2_ADV_X0Y0      MMCME2_ADV (Prop_mmcme2_adv_CLKIN1_CLKOUT0)
                                                     -3.538    -1.861 r  vga/pll_inst/inst/mmcm_adv_inst/CLKOUT0
                         net (fo=1, routed)           1.760    -0.101    vga/pll_inst/inst/clk_out1_clk_wiz_0
    BUFGCTRL_X0Y1        BUFG (Prop_bufg_I_O)         0.101     0.000 r  vga/pll_inst/inst/clkout1_buf/O
                         net (fo=71, routed)          1.681     1.681    vga/VGA_H/CLK
    SLICE_X7Y6           FDRE                                         r  vga/VGA_H/h_count_reg[4]/C
  -------------------------------------------------------------------    -------------------
    SLICE_X7Y6           FDRE (Prop_fdre_C_Q)         0.456     2.137 r  vga/VGA_H/h_count_reg[4]/Q
                         net (fo=1373, routed)       23.201    25.338    <hidden>
    SLICE_X30Y28         RAMD64E (Prop_ramd64e_RADR0_O)
                                                      0.124    25.462 r  <hidden>
                         net (fo=1, routed)           1.846    27.308    <hidden>
    SLICE_X25Y7          LUT6 (Prop_lut6_I1_O)        0.124    27.432 r  <hidden>
                         net (fo=1, routed)           0.000    27.432    <hidden>
    SLICE_X25Y7          MUXF7 (Prop_muxf7_I1_O)      0.217    27.649 r  <hidden>
                         net (fo=1, routed)           0.000    27.649    <hidden>
    SLICE_X25Y7          MUXF8 (Prop_muxf8_I1_O)      0.094    27.743 r  <hidden>
                         net (fo=1, routed)           0.810    28.553    <hidden>
    SLICE_X26Y7          LUT6 (Prop_lut6_I1_O)        0.316    28.869 r  <hidden>
                         net (fo=1, routed)           1.237    30.106    <hidden>
    SLICE_X25Y12         LUT5 (Prop_lut5_I2_O)        0.124    30.230 r  <hidden>
                         net (fo=1, routed)           0.000    30.230    <hidden>
    SLICE_X25Y12         FDRE                                         r  <hidden>
  -------------------------------------------------------------------    -------------------

Slack:                    inf
  Source:                 vga/VGA_H/h_count_reg[4]/C
                            (rising edge-triggered cell FDRE clocked by clk_out1_clk_wiz_0  {rise@0.000ns fall@19.862ns period=39.724ns})
  Destination:            <hidden>
  Path Group:             (none)
  Path Type:              Max at Slow Process Corner
  Data Path Delay:        28.458ns  (logic 1.455ns (5.113%)  route 27.003ns (94.887%))
  Logic Levels:           6  (LUT5=1 LUT6=2 MUXF7=1 MUXF8=1 RAMD64E=1)
  Clock Uncertainty:      0.508ns  ((TSJ^2 + DJ^2)^1/2) / 2 + PE
    Total System Jitter     (TSJ):    0.050ns
    Discrete Jitter          (DJ):    0.281ns
    Phase Error              (PE):    0.365ns

    Location             Delay type                Incr(ns)  Path(ns)    Netlist Resource(s)
  -------------------------------------------------------------------    -------------------
                         (clock clk_out1_clk_wiz_0 rise edge)
                                                      0.000     0.000 r  
    BUFGCTRL_X0Y0        BUFG                         0.000     0.000 r  clk_IBUF_BUFG_inst/O
                         net (fo=2128, routed)        1.677     1.677    vga/pll_inst/inst/clk_in1
    MMCME2_ADV_X0Y0      MMCME2_ADV (Prop_mmcme2_adv_CLKIN1_CLKOUT0)
                                                     -3.538    -1.861 r  vga/pll_inst/inst/mmcm_adv_inst/CLKOUT0
                         net (fo=1, routed)           1.760    -0.101    vga/pll_inst/inst/clk_out1_clk_wiz_0
    BUFGCTRL_X0Y1        BUFG (Prop_bufg_I_O)         0.101     0.000 r  vga/pll_inst/inst/clkout1_buf/O
                         net (fo=71, routed)          1.681     1.681    vga/VGA_H/CLK
    SLICE_X7Y6           FDRE                                         r  vga/VGA_H/h_count_reg[4]/C
  -------------------------------------------------------------------    -------------------
    SLICE_X7Y6           FDRE (Prop_fdre_C_Q)         0.456     2.137 r  vga/VGA_H/h_count_reg[4]/Q
                         net (fo=1373, routed)       24.492    26.629    <hidden>
    SLICE_X30Y36         RAMD64E (Prop_ramd64e_RADR0_O)
                                                      0.124    26.753 r  <hidden>
                         net (fo=1, routed)           1.146    27.899    <hidden>
    SLICE_X29Y30         LUT6 (Prop_lut6_I3_O)        0.124    28.023 r  <hidden>
                         net (fo=1, routed)           0.000    28.023    <hidden>
    SLICE_X29Y30         MUXF7 (Prop_muxf7_I1_O)      0.217    28.240 r  <hidden>
                         net (fo=1, routed)           0.000    28.240    <hidden>
    SLICE_X29Y30         MUXF8 (Prop_muxf8_I1_O)      0.094    28.334 r  <hidden>
                         net (fo=1, routed)           0.673    29.007    <hidden>
    SLICE_X29Y23         LUT6 (Prop_lut6_I5_O)        0.316    29.323 r  <hidden>
                         net (fo=1, routed)           0.692    30.015    <hidden>
    SLICE_X26Y13         LUT5 (Prop_lut5_I4_O)        0.124    30.139 r  <hidden>
                         net (fo=1, routed)           0.000    30.139    <hidden>
    SLICE_X26Y13         FDRE                                         r  <hidden>
  -------------------------------------------------------------------    -------------------

Slack:                    inf
  Source:                 vga/VGA_H/h_count_reg[4]/C
                            (rising edge-triggered cell FDRE clocked by clk_out1_clk_wiz_0  {rise@0.000ns fall@19.862ns period=39.724ns})
  Destination:            <hidden>
  Path Group:             (none)
  Path Type:              Max at Slow Process Corner
  Data Path Delay:        28.240ns  (logic 1.455ns (5.152%)  route 26.785ns (94.848%))
  Logic Levels:           6  (LUT5=1 LUT6=2 MUXF7=1 MUXF8=1 RAMD64E=1)
  Clock Uncertainty:      0.508ns  ((TSJ^2 + DJ^2)^1/2) / 2 + PE
    Total System Jitter     (TSJ):    0.050ns
    Discrete Jitter          (DJ):    0.281ns
    Phase Error              (PE):    0.365ns

    Location             Delay type                Incr(ns)  Path(ns)    Netlist Resource(s)
  -------------------------------------------------------------------    -------------------
                         (clock clk_out1_clk_wiz_0 rise edge)
                                                      0.000     0.000 r  
    BUFGCTRL_X0Y0        BUFG                         0.000     0.000 r  clk_IBUF_BUFG_inst/O
                         net (fo=2128, routed)        1.677     1.677    vga/pll_inst/inst/clk_in1
    MMCME2_ADV_X0Y0      MMCME2_ADV (Prop_mmcme2_adv_CLKIN1_CLKOUT0)
                                                     -3.538    -1.861 r  vga/pll_inst/inst/mmcm_adv_inst/CLKOUT0
                         net (fo=1, routed)           1.760    -0.101    vga/pll_inst/inst/clk_out1_clk_wiz_0
    BUFGCTRL_X0Y1        BUFG (Prop_bufg_I_O)         0.101     0.000 r  vga/pll_inst/inst/clkout1_buf/O
                         net (fo=71, routed)          1.681     1.681    vga/VGA_H/CLK
    SLICE_X7Y6           FDRE                                         r  vga/VGA_H/h_count_reg[4]/C
  -------------------------------------------------------------------    -------------------
    SLICE_X7Y6           FDRE (Prop_fdre_C_Q)         0.456     2.137 r  vga/VGA_H/h_count_reg[4]/Q
                         net (fo=1373, routed)       23.191    25.328    <hidden>
    SLICE_X30Y28         RAMD64E (Prop_ramd64e_RADR0_O)
                                                      0.124    25.452 r  <hidden>
                         net (fo=1, routed)           1.551    27.003    <hidden>
    SLICE_X25Y6          LUT6 (Prop_lut6_I1_O)        0.124    27.127 r  <hidden>
                         net (fo=1, routed)           0.000    27.127    <hidden>
    SLICE_X25Y6          MUXF7 (Prop_muxf7_I1_O)      0.217    27.344 r  <hidden>
                         net (fo=1, routed)           0.000    27.344    <hidden>
    SLICE_X25Y6          MUXF8 (Prop_muxf8_I1_O)      0.094    27.438 r  <hidden>
                         net (fo=1, routed)           0.905    28.343    <hidden>
    SLICE_X26Y6          LUT6 (Prop_lut6_I1_O)        0.316    28.659 r  <hidden>
                         net (fo=1, routed)           1.138    29.797    <hidden>
    SLICE_X26Y13         LUT5 (Prop_lut5_I2_O)        0.124    29.921 r  <hidden>
                         net (fo=1, routed)           0.000    29.921    <hidden>
    SLICE_X26Y13         FDRE                                         r  <hidden>
  -------------------------------------------------------------------    -------------------

Slack:                    inf
  Source:                 vga/vsync_reg_reg_inv/C
                            (rising edge-triggered cell FDRE clocked by clk_out1_clk_wiz_0  {rise@0.000ns fall@19.862ns period=39.724ns})
  Destination:            vsync
                            (output port)
  Path Group:             (none)
  Path Type:              Max at Slow Process Corner
  Data Path Delay:        7.485ns  (logic 3.231ns (43.167%)  route 4.254ns (56.833%))
  Logic Levels:           1  (OBUF=1)
  Clock Uncertainty:      0.508ns  ((TSJ^2 + DJ^2)^1/2) / 2 + PE
    Total System Jitter     (TSJ):    0.050ns
    Discrete Jitter          (DJ):    0.281ns
    Phase Error              (PE):    0.365ns

    Location             Delay type                Incr(ns)  Path(ns)    Netlist Resource(s)
  -------------------------------------------------------------------    -------------------
                         (clock clk_out1_clk_wiz_0 rise edge)
                                                      0.000     0.000 r  
    BUFGCTRL_X0Y0        BUFG                         0.000     0.000 r  clk_IBUF_BUFG_inst/O
                         net (fo=2128, routed)        1.677     1.677    vga/pll_inst/inst/clk_in1
    MMCME2_ADV_X0Y0      MMCME2_ADV (Prop_mmcme2_adv_CLKIN1_CLKOUT0)
                                                     -3.538    -1.861 r  vga/pll_inst/inst/mmcm_adv_inst/CLKOUT0
                         net (fo=1, routed)           1.760    -0.101    vga/pll_inst/inst/clk_out1_clk_wiz_0
    BUFGCTRL_X0Y1        BUFG (Prop_bufg_I_O)         0.101     0.000 r  vga/pll_inst/inst/clkout1_buf/O
                         net (fo=71, routed)          1.727     1.727    vga/clk_vga
    SLICE_X4Y7           FDRE                                         r  vga/vsync_reg_reg_inv/C
  -------------------------------------------------------------------    -------------------
    SLICE_X4Y7           FDRE (Prop_fdre_C_Q)         0.518     2.245 r  vga/vsync_reg_reg_inv/Q
                         net (fo=1, routed)           4.254     6.499    vsync_OBUF
    T11                  OBUF (Prop_obuf_I_O)         2.713     9.212 r  vsync_OBUF_inst/O
                         net (fo=0)                   0.000     9.212    vsync
    T11                                                               r  vsync (OUT)
  -------------------------------------------------------------------    -------------------

Slack:                    inf
  Source:                 vga/hsync_reg_reg_inv/C
                            (rising edge-triggered cell FDRE clocked by clk_out1_clk_wiz_0  {rise@0.000ns fall@19.862ns period=39.724ns})
  Destination:            hsync
                            (output port)
  Path Group:             (none)
  Path Type:              Max at Slow Process Corner
  Data Path Delay:        7.082ns  (logic 3.123ns (44.095%)  route 3.959ns (55.905%))
  Logic Levels:           1  (OBUF=1)
  Clock Uncertainty:      0.508ns  ((TSJ^2 + DJ^2)^1/2) / 2 + PE
    Total System Jitter     (TSJ):    0.050ns
    Discrete Jitter          (DJ):    0.281ns
    Phase Error              (PE):    0.365ns

    Location             Delay type                Incr(ns)  Path(ns)    Netlist Resource(s)
  -------------------------------------------------------------------    -------------------
                         (clock clk_out1_clk_wiz_0 rise edge)
                                                      0.000     0.000 r  
    BUFGCTRL_X0Y0        BUFG                         0.000     0.000 r  clk_IBUF_BUFG_inst/O
                         net (fo=2128, routed)        1.677     1.677    vga/pll_inst/inst/clk_in1
    MMCME2_ADV_X0Y0      MMCME2_ADV (Prop_mmcme2_adv_CLKIN1_CLKOUT0)
                                                     -3.538    -1.861 r  vga/pll_inst/inst/mmcm_adv_inst/CLKOUT0
                         net (fo=1, routed)           1.760    -0.101    vga/pll_inst/inst/clk_out1_clk_wiz_0
    BUFGCTRL_X0Y1        BUFG (Prop_bufg_I_O)         0.101     0.000 r  vga/pll_inst/inst/clkout1_buf/O
                         net (fo=71, routed)          1.680     1.680    vga/clk_vga
    SLICE_X7Y8           FDRE                                         r  vga/hsync_reg_reg_inv/C
  -------------------------------------------------------------------    -------------------
    SLICE_X7Y8           FDRE (Prop_fdre_C_Q)         0.456     2.136 r  vga/hsync_reg_reg_inv/Q
                         net (fo=1, routed)           3.959     6.095    hsync_OBUF
    V13                  OBUF (Prop_obuf_I_O)         2.667     8.762 r  hsync_OBUF_inst/O
                         net (fo=0)                   0.000     8.762    hsync
    V13                                                               r  hsync (OUT)
  -------------------------------------------------------------------    -------------------





Min Delay Paths
--------------------------------------------------------------------------------------
Slack:                    inf
  Source:                 vga/VGA_H/h_count_reg[8]/C
                            (rising edge-triggered cell FDRE clocked by clk_out1_clk_wiz_0  {rise@0.000ns fall@19.862ns period=39.724ns})
  Destination:            <hidden>
  Path Group:             (none)
  Path Type:              Min at Fast Process Corner
  Data Path Delay:        1.312ns  (logic 0.552ns (42.058%)  route 0.760ns (57.942%))
  Logic Levels:           5  (CARRY4=3 LUT2=1 LUT5=1)
  Clock Uncertainty:      0.508ns  ((TSJ^2 + DJ^2)^1/2) / 2 + PE
    Total System Jitter     (TSJ):    0.050ns
    Discrete Jitter          (DJ):    0.281ns
    Phase Error              (PE):    0.365ns

    Location             Delay type                Incr(ns)  Path(ns)    Netlist Resource(s)
  -------------------------------------------------------------------    -------------------
                         (clock clk_out1_clk_wiz_0 rise edge)
                                                      0.000     0.000 r  
    BUFGCTRL_X0Y0        BUFG                         0.000     0.000 r  clk_IBUF_BUFG_inst/O
                         net (fo=2128, routed)        0.546     0.546    vga/pll_inst/inst/clk_in1
    MMCME2_ADV_X0Y0      MMCME2_ADV (Prop_mmcme2_adv_CLKIN1_CLKOUT0)
                                                     -1.053    -0.508 r  vga/pll_inst/inst/mmcm_adv_inst/CLKOUT0
                         net (fo=1, routed)           0.482    -0.026    vga/pll_inst/inst/clk_out1_clk_wiz_0
    BUFGCTRL_X0Y1        BUFG (Prop_bufg_I_O)         0.026     0.000 r  vga/pll_inst/inst/clkout1_buf/O
                         net (fo=71, routed)          0.565     0.565    vga/VGA_H/CLK
    SLICE_X7Y7           FDRE                                         r  vga/VGA_H/h_count_reg[8]/C
  -------------------------------------------------------------------    -------------------
    SLICE_X7Y7           FDRE (Prop_fdre_C_Q)         0.141     0.706 r  vga/VGA_H/h_count_reg[8]/Q
                         net (fo=6, routed)           0.168     0.874    vga/img_mem/mem_i_3[1]
    SLICE_X6Y8           LUT2 (Prop_lut2_I1_O)        0.045     0.919 r  vga/img_mem/mem_i_8/O
                         net (fo=1, routed)           0.000     0.919    vga/VGA_V/monoram[1]
    SLICE_X6Y8           CARRY4 (Prop_carry4_S[1]_CO[3])
                                                      0.152     1.071 r  vga/VGA_V/mem_i_3/CO[3]
                         net (fo=1, routed)           0.000     1.071    vga/VGA_V/mem_i_3_n_1
    SLICE_X6Y9           CARRY4 (Prop_carry4_CI_CO[3])
                                                      0.040     1.111 r  vga/VGA_V/mem_i_2/CO[3]
                         net (fo=1, routed)           0.000     1.111    vga/VGA_V/mem_i_2_n_1
    SLICE_X6Y10          CARRY4 (Prop_carry4_CI_O[2])
                                                      0.066     1.177 r  vga/VGA_V/mem_i_1/O[2]
                         net (fo=13, routed)          0.592     1.769    <hidden>
    SLICE_X25Y12         LUT5 (Prop_lut5_I1_O)        0.108     1.877 r  <hidden>
                         net (fo=1, routed)           0.000     1.877    <hidden>
    SLICE_X25Y12         FDRE                                         r  <hidden>
  -------------------------------------------------------------------    -------------------

Slack:                    inf
  Source:                 vga/VGA_H/h_count_reg[8]/C
                            (rising edge-triggered cell FDRE clocked by clk_out1_clk_wiz_0  {rise@0.000ns fall@19.862ns period=39.724ns})
  Destination:            <hidden>
  Path Group:             (none)
  Path Type:              Min at Fast Process Corner
  Data Path Delay:        1.436ns  (logic 0.552ns (38.433%)  route 0.884ns (61.567%))
  Logic Levels:           5  (CARRY4=3 LUT2=1 LUT5=1)
  Clock Uncertainty:      0.508ns  ((TSJ^2 + DJ^2)^1/2) / 2 + PE
    Total System Jitter     (TSJ):    0.050ns
    Discrete Jitter          (DJ):    0.281ns
    Phase Error              (PE):    0.365ns

    Location             Delay type                Incr(ns)  Path(ns)    Netlist Resource(s)
  -------------------------------------------------------------------    -------------------
                         (clock clk_out1_clk_wiz_0 rise edge)
                                                      0.000     0.000 r  
    BUFGCTRL_X0Y0        BUFG                         0.000     0.000 r  clk_IBUF_BUFG_inst/O
                         net (fo=2128, routed)        0.546     0.546    vga/pll_inst/inst/clk_in1
    MMCME2_ADV_X0Y0      MMCME2_ADV (Prop_mmcme2_adv_CLKIN1_CLKOUT0)
                                                     -1.053    -0.508 r  vga/pll_inst/inst/mmcm_adv_inst/CLKOUT0
                         net (fo=1, routed)           0.482    -0.026    vga/pll_inst/inst/clk_out1_clk_wiz_0
    BUFGCTRL_X0Y1        BUFG (Prop_bufg_I_O)         0.026     0.000 r  vga/pll_inst/inst/clkout1_buf/O
                         net (fo=71, routed)          0.565     0.565    vga/VGA_H/CLK
    SLICE_X7Y7           FDRE                                         r  vga/VGA_H/h_count_reg[8]/C
  -------------------------------------------------------------------    -------------------
    SLICE_X7Y7           FDRE (Prop_fdre_C_Q)         0.141     0.706 r  vga/VGA_H/h_count_reg[8]/Q
                         net (fo=6, routed)           0.168     0.874    vga/img_mem/mem_i_3[1]
    SLICE_X6Y8           LUT2 (Prop_lut2_I1_O)        0.045     0.919 r  vga/img_mem/mem_i_8/O
                         net (fo=1, routed)           0.000     0.919    vga/VGA_V/monoram[1]
    SLICE_X6Y8           CARRY4 (Prop_carry4_S[1]_CO[3])
                                                      0.152     1.071 r  vga/VGA_V/mem_i_3/CO[3]
                         net (fo=1, routed)           0.000     1.071    vga/VGA_V/mem_i_3_n_1
    SLICE_X6Y9           CARRY4 (Prop_carry4_CI_CO[3])
                                                      0.040     1.111 r  vga/VGA_V/mem_i_2/CO[3]
                         net (fo=1, routed)           0.000     1.111    vga/VGA_V/mem_i_2_n_1
    SLICE_X6Y10          CARRY4 (Prop_carry4_CI_O[2])
                                                      0.066     1.177 r  vga/VGA_V/mem_i_1/O[2]
                         net (fo=13, routed)          0.716     1.893    <hidden>
    SLICE_X27Y12         LUT5 (Prop_lut5_I1_O)        0.108     2.001 r  <hidden>
                         net (fo=1, routed)           0.000     2.001    <hidden>
    SLICE_X27Y12         FDRE                                         r  <hidden>
  -------------------------------------------------------------------    -------------------

Slack:                    inf
  Source:                 vga/VGA_H/h_count_reg[8]/C
                            (rising edge-triggered cell FDRE clocked by clk_out1_clk_wiz_0  {rise@0.000ns fall@19.862ns period=39.724ns})
  Destination:            <hidden>
  Path Group:             (none)
  Path Type:              Min at Fast Process Corner
  Data Path Delay:        1.486ns  (logic 0.575ns (38.687%)  route 0.911ns (61.313%))
  Logic Levels:           5  (CARRY4=3 LUT2=1 LUT5=1)
  Clock Uncertainty:      0.508ns  ((TSJ^2 + DJ^2)^1/2) / 2 + PE
    Total System Jitter     (TSJ):    0.050ns
    Discrete Jitter          (DJ):    0.281ns
    Phase Error              (PE):    0.365ns

    Location             Delay type                Incr(ns)  Path(ns)    Netlist Resource(s)
  -------------------------------------------------------------------    -------------------
                         (clock clk_out1_clk_wiz_0 rise edge)
                                                      0.000     0.000 r  
    BUFGCTRL_X0Y0        BUFG                         0.000     0.000 r  clk_IBUF_BUFG_inst/O
                         net (fo=2128, routed)        0.546     0.546    vga/pll_inst/inst/clk_in1
    MMCME2_ADV_X0Y0      MMCME2_ADV (Prop_mmcme2_adv_CLKIN1_CLKOUT0)
                                                     -1.053    -0.508 r  vga/pll_inst/inst/mmcm_adv_inst/CLKOUT0
                         net (fo=1, routed)           0.482    -0.026    vga/pll_inst/inst/clk_out1_clk_wiz_0
    BUFGCTRL_X0Y1        BUFG (Prop_bufg_I_O)         0.026     0.000 r  vga/pll_inst/inst/clkout1_buf/O
                         net (fo=71, routed)          0.565     0.565    vga/VGA_H/CLK
    SLICE_X7Y7           FDRE                                         r  vga/VGA_H/h_count_reg[8]/C
  -------------------------------------------------------------------    -------------------
    SLICE_X7Y7           FDRE (Prop_fdre_C_Q)         0.141     0.706 r  vga/VGA_H/h_count_reg[8]/Q
                         net (fo=6, routed)           0.168     0.874    vga/img_mem/mem_i_3[1]
    SLICE_X6Y8           LUT2 (Prop_lut2_I1_O)        0.045     0.919 r  vga/img_mem/mem_i_8/O
                         net (fo=1, routed)           0.000     0.919    vga/VGA_V/monoram[1]
    SLICE_X6Y8           CARRY4 (Prop_carry4_S[1]_CO[3])
                                                      0.152     1.071 r  vga/VGA_V/mem_i_3/CO[3]
                         net (fo=1, routed)           0.000     1.071    vga/VGA_V/mem_i_3_n_1
    SLICE_X6Y9           CARRY4 (Prop_carry4_CI_CO[3])
                                                      0.040     1.111 r  vga/VGA_V/mem_i_2/CO[3]
                         net (fo=1, routed)           0.000     1.111    vga/VGA_V/mem_i_2_n_1
    SLICE_X6Y10          CARRY4 (Prop_carry4_CI_O[1])
                                                      0.089     1.200 r  vga/VGA_V/mem_i_1/O[1]
                         net (fo=24, routed)          0.743     1.943    <hidden>
    SLICE_X26Y11         LUT5 (Prop_lut5_I3_O)        0.108     2.051 r  <hidden>
                         net (fo=1, routed)           0.000     2.051    <hidden>
    SLICE_X26Y11         FDRE                                         r  <hidden>
  -------------------------------------------------------------------    -------------------

Slack:                    inf
  Source:                 vga/VGA_H/h_count_reg[8]/C
                            (rising edge-triggered cell FDRE clocked by clk_out1_clk_wiz_0  {rise@0.000ns fall@19.862ns period=39.724ns})
  Destination:            <hidden>
  Path Group:             (none)
  Path Type:              Min at Fast Process Corner
  Data Path Delay:        1.490ns  (logic 0.575ns (38.585%)  route 0.915ns (61.415%))
  Logic Levels:           5  (CARRY4=3 LUT2=1 LUT5=1)
  Clock Uncertainty:      0.508ns  ((TSJ^2 + DJ^2)^1/2) / 2 + PE
    Total System Jitter     (TSJ):    0.050ns
    Discrete Jitter          (DJ):    0.281ns
    Phase Error              (PE):    0.365ns

    Location             Delay type                Incr(ns)  Path(ns)    Netlist Resource(s)
  -------------------------------------------------------------------    -------------------
                         (clock clk_out1_clk_wiz_0 rise edge)
                                                      0.000     0.000 r  
    BUFGCTRL_X0Y0        BUFG                         0.000     0.000 r  clk_IBUF_BUFG_inst/O
                         net (fo=2128, routed)        0.546     0.546    vga/pll_inst/inst/clk_in1
    MMCME2_ADV_X0Y0      MMCME2_ADV (Prop_mmcme2_adv_CLKIN1_CLKOUT0)
                                                     -1.053    -0.508 r  vga/pll_inst/inst/mmcm_adv_inst/CLKOUT0
                         net (fo=1, routed)           0.482    -0.026    vga/pll_inst/inst/clk_out1_clk_wiz_0
    BUFGCTRL_X0Y1        BUFG (Prop_bufg_I_O)         0.026     0.000 r  vga/pll_inst/inst/clkout1_buf/O
                         net (fo=71, routed)          0.565     0.565    vga/VGA_H/CLK
    SLICE_X7Y7           FDRE                                         r  vga/VGA_H/h_count_reg[8]/C
  -------------------------------------------------------------------    -------------------
    SLICE_X7Y7           FDRE (Prop_fdre_C_Q)         0.141     0.706 r  vga/VGA_H/h_count_reg[8]/Q
                         net (fo=6, routed)           0.168     0.874    vga/img_mem/mem_i_3[1]
    SLICE_X6Y8           LUT2 (Prop_lut2_I1_O)        0.045     0.919 r  vga/img_mem/mem_i_8/O
                         net (fo=1, routed)           0.000     0.919    vga/VGA_V/monoram[1]
    SLICE_X6Y8           CARRY4 (Prop_carry4_S[1]_CO[3])
                                                      0.152     1.071 r  vga/VGA_V/mem_i_3/CO[3]
                         net (fo=1, routed)           0.000     1.071    vga/VGA_V/mem_i_3_n_1
    SLICE_X6Y9           CARRY4 (Prop_carry4_CI_CO[3])
                                                      0.040     1.111 r  vga/VGA_V/mem_i_2/CO[3]
                         net (fo=1, routed)           0.000     1.111    vga/VGA_V/mem_i_2_n_1
    SLICE_X6Y10          CARRY4 (Prop_carry4_CI_O[1])
                                                      0.089     1.200 r  vga/VGA_V/mem_i_1/O[1]
                         net (fo=24, routed)          0.747     1.947    <hidden>
    SLICE_X26Y12         LUT5 (Prop_lut5_I3_O)        0.108     2.055 r  <hidden>
                         net (fo=1, routed)           0.000     2.055    <hidden>
    SLICE_X26Y12         FDRE                                         r  <hidden>
  -------------------------------------------------------------------    -------------------

Slack:                    inf
  Source:                 vga/VGA_H/h_count_reg[8]/C
                            (rising edge-triggered cell FDRE clocked by clk_out1_clk_wiz_0  {rise@0.000ns fall@19.862ns period=39.724ns})
  Destination:            <hidden>
  Path Group:             (none)
  Path Type:              Min at Fast Process Corner
  Data Path Delay:        1.512ns  (logic 0.552ns (36.501%)  route 0.960ns (63.499%))
  Logic Levels:           5  (CARRY4=3 LUT2=1 LUT5=1)
  Clock Uncertainty:      0.508ns  ((TSJ^2 + DJ^2)^1/2) / 2 + PE
    Total System Jitter     (TSJ):    0.050ns
    Discrete Jitter          (DJ):    0.281ns
    Phase Error              (PE):    0.365ns

    Location             Delay type                Incr(ns)  Path(ns)    Netlist Resource(s)
  -------------------------------------------------------------------    -------------------
                         (clock clk_out1_clk_wiz_0 rise edge)
                                                      0.000     0.000 r  
    BUFGCTRL_X0Y0        BUFG                         0.000     0.000 r  clk_IBUF_BUFG_inst/O
                         net (fo=2128, routed)        0.546     0.546    vga/pll_inst/inst/clk_in1
    MMCME2_ADV_X0Y0      MMCME2_ADV (Prop_mmcme2_adv_CLKIN1_CLKOUT0)
                                                     -1.053    -0.508 r  vga/pll_inst/inst/mmcm_adv_inst/CLKOUT0
                         net (fo=1, routed)           0.482    -0.026    vga/pll_inst/inst/clk_out1_clk_wiz_0
    BUFGCTRL_X0Y1        BUFG (Prop_bufg_I_O)         0.026     0.000 r  vga/pll_inst/inst/clkout1_buf/O
                         net (fo=71, routed)          0.565     0.565    vga/VGA_H/CLK
    SLICE_X7Y7           FDRE                                         r  vga/VGA_H/h_count_reg[8]/C
  -------------------------------------------------------------------    -------------------
    SLICE_X7Y7           FDRE (Prop_fdre_C_Q)         0.141     0.706 r  vga/VGA_H/h_count_reg[8]/Q
                         net (fo=6, routed)           0.168     0.874    vga/img_mem/mem_i_3[1]
    SLICE_X6Y8           LUT2 (Prop_lut2_I1_O)        0.045     0.919 r  vga/img_mem/mem_i_8/O
                         net (fo=1, routed)           0.000     0.919    vga/VGA_V/monoram[1]
    SLICE_X6Y8           CARRY4 (Prop_carry4_S[1]_CO[3])
                                                      0.152     1.071 r  vga/VGA_V/mem_i_3/CO[3]
                         net (fo=1, routed)           0.000     1.071    vga/VGA_V/mem_i_3_n_1
    SLICE_X6Y9           CARRY4 (Prop_carry4_CI_CO[3])
                                                      0.040     1.111 r  vga/VGA_V/mem_i_2/CO[3]
                         net (fo=1, routed)           0.000     1.111    vga/VGA_V/mem_i_2_n_1
    SLICE_X6Y10          CARRY4 (Prop_carry4_CI_O[2])
                                                      0.066     1.177 r  vga/VGA_V/mem_i_1/O[2]
                         net (fo=13, routed)          0.792     1.969    <hidden>
    SLICE_X27Y12         LUT5 (Prop_lut5_I1_O)        0.108     2.077 r  <hidden>
                         net (fo=1, routed)           0.000     2.077    <hidden>
    SLICE_X27Y12         FDRE                                         r  <hidden>
  -------------------------------------------------------------------    -------------------

Slack:                    inf
  Source:                 vga/VGA_H/h_count_reg[8]/C
                            (rising edge-triggered cell FDRE clocked by clk_out1_clk_wiz_0  {rise@0.000ns fall@19.862ns period=39.724ns})
  Destination:            <hidden>
  Path Group:             (none)
  Path Type:              Min at Fast Process Corner
  Data Path Delay:        1.516ns  (logic 0.552ns (36.409%)  route 0.964ns (63.591%))
  Logic Levels:           5  (CARRY4=3 LUT2=1 LUT5=1)
  Clock Uncertainty:      0.508ns  ((TSJ^2 + DJ^2)^1/2) / 2 + PE
    Total System Jitter     (TSJ):    0.050ns
    Discrete Jitter          (DJ):    0.281ns
    Phase Error              (PE):    0.365ns

    Location             Delay type                Incr(ns)  Path(ns)    Netlist Resource(s)
  -------------------------------------------------------------------    -------------------
                         (clock clk_out1_clk_wiz_0 rise edge)
                                                      0.000     0.000 r  
    BUFGCTRL_X0Y0        BUFG                         0.000     0.000 r  clk_IBUF_BUFG_inst/O
                         net (fo=2128, routed)        0.546     0.546    vga/pll_inst/inst/clk_in1
    MMCME2_ADV_X0Y0      MMCME2_ADV (Prop_mmcme2_adv_CLKIN1_CLKOUT0)
                                                     -1.053    -0.508 r  vga/pll_inst/inst/mmcm_adv_inst/CLKOUT0
                         net (fo=1, routed)           0.482    -0.026    vga/pll_inst/inst/clk_out1_clk_wiz_0
    BUFGCTRL_X0Y1        BUFG (Prop_bufg_I_O)         0.026     0.000 r  vga/pll_inst/inst/clkout1_buf/O
                         net (fo=71, routed)          0.565     0.565    vga/VGA_H/CLK
    SLICE_X7Y7           FDRE                                         r  vga/VGA_H/h_count_reg[8]/C
  -------------------------------------------------------------------    -------------------
    SLICE_X7Y7           FDRE (Prop_fdre_C_Q)         0.141     0.706 r  vga/VGA_H/h_count_reg[8]/Q
                         net (fo=6, routed)           0.168     0.874    vga/img_mem/mem_i_3[1]
    SLICE_X6Y8           LUT2 (Prop_lut2_I1_O)        0.045     0.919 r  vga/img_mem/mem_i_8/O
                         net (fo=1, routed)           0.000     0.919    vga/VGA_V/monoram[1]
    SLICE_X6Y8           CARRY4 (Prop_carry4_S[1]_CO[3])
                                                      0.152     1.071 r  vga/VGA_V/mem_i_3/CO[3]
                         net (fo=1, routed)           0.000     1.071    vga/VGA_V/mem_i_3_n_1
    SLICE_X6Y9           CARRY4 (Prop_carry4_CI_CO[3])
                                                      0.040     1.111 r  vga/VGA_V/mem_i_2/CO[3]
                         net (fo=1, routed)           0.000     1.111    vga/VGA_V/mem_i_2_n_1
    SLICE_X6Y10          CARRY4 (Prop_carry4_CI_O[2])
                                                      0.066     1.177 r  vga/VGA_V/mem_i_1/O[2]
                         net (fo=13, routed)          0.796     1.973    <hidden>
    SLICE_X26Y13         LUT5 (Prop_lut5_I1_O)        0.108     2.081 r  <hidden>
                         net (fo=1, routed)           0.000     2.081    <hidden>
    SLICE_X26Y13         FDRE                                         r  <hidden>
  -------------------------------------------------------------------    -------------------

Slack:                    inf
  Source:                 vga/VGA_H/h_count_reg[8]/C
                            (rising edge-triggered cell FDRE clocked by clk_out1_clk_wiz_0  {rise@0.000ns fall@19.862ns period=39.724ns})
  Destination:            <hidden>
  Path Group:             (none)
  Path Type:              Min at Fast Process Corner
  Data Path Delay:        1.577ns  (logic 0.552ns (34.997%)  route 1.025ns (65.003%))
  Logic Levels:           5  (CARRY4=3 LUT2=1 LUT5=1)
  Clock Uncertainty:      0.508ns  ((TSJ^2 + DJ^2)^1/2) / 2 + PE
    Total System Jitter     (TSJ):    0.050ns
    Discrete Jitter          (DJ):    0.281ns
    Phase Error              (PE):    0.365ns

    Location             Delay type                Incr(ns)  Path(ns)    Netlist Resource(s)
  -------------------------------------------------------------------    -------------------
                         (clock clk_out1_clk_wiz_0 rise edge)
                                                      0.000     0.000 r  
    BUFGCTRL_X0Y0        BUFG                         0.000     0.000 r  clk_IBUF_BUFG_inst/O
                         net (fo=2128, routed)        0.546     0.546    vga/pll_inst/inst/clk_in1
    MMCME2_ADV_X0Y0      MMCME2_ADV (Prop_mmcme2_adv_CLKIN1_CLKOUT0)
                                                     -1.053    -0.508 r  vga/pll_inst/inst/mmcm_adv_inst/CLKOUT0
                         net (fo=1, routed)           0.482    -0.026    vga/pll_inst/inst/clk_out1_clk_wiz_0
    BUFGCTRL_X0Y1        BUFG (Prop_bufg_I_O)         0.026     0.000 r  vga/pll_inst/inst/clkout1_buf/O
                         net (fo=71, routed)          0.565     0.565    vga/VGA_H/CLK
    SLICE_X7Y7           FDRE                                         r  vga/VGA_H/h_count_reg[8]/C
  -------------------------------------------------------------------    -------------------
    SLICE_X7Y7           FDRE (Prop_fdre_C_Q)         0.141     0.706 r  vga/VGA_H/h_count_reg[8]/Q
                         net (fo=6, routed)           0.168     0.874    vga/img_mem/mem_i_3[1]
    SLICE_X6Y8           LUT2 (Prop_lut2_I1_O)        0.045     0.919 r  vga/img_mem/mem_i_8/O
                         net (fo=1, routed)           0.000     0.919    vga/VGA_V/monoram[1]
    SLICE_X6Y8           CARRY4 (Prop_carry4_S[1]_CO[3])
                                                      0.152     1.071 r  vga/VGA_V/mem_i_3/CO[3]
                         net (fo=1, routed)           0.000     1.071    vga/VGA_V/mem_i_3_n_1
    SLICE_X6Y9           CARRY4 (Prop_carry4_CI_CO[3])
                                                      0.040     1.111 r  vga/VGA_V/mem_i_2/CO[3]
                         net (fo=1, routed)           0.000     1.111    vga/VGA_V/mem_i_2_n_1
    SLICE_X6Y10          CARRY4 (Prop_carry4_CI_O[2])
                                                      0.066     1.177 r  vga/VGA_V/mem_i_1/O[2]
                         net (fo=13, routed)          0.857     2.034    <hidden>
    SLICE_X26Y12         LUT5 (Prop_lut5_I1_O)        0.108     2.142 r  <hidden>
                         net (fo=1, routed)           0.000     2.142    <hidden>
    SLICE_X26Y12         FDRE                                         r  <hidden>
  -------------------------------------------------------------------    -------------------

Slack:                    inf
  Source:                 vga/VGA_H/h_count_reg[8]/C
                            (rising edge-triggered cell FDRE clocked by clk_out1_clk_wiz_0  {rise@0.000ns fall@19.862ns period=39.724ns})
  Destination:            <hidden>
  Path Group:             (none)
  Path Type:              Min at Fast Process Corner
  Data Path Delay:        1.587ns  (logic 0.552ns (34.777%)  route 1.035ns (65.223%))
  Logic Levels:           5  (CARRY4=3 LUT2=1 LUT5=1)
  Clock Uncertainty:      0.508ns  ((TSJ^2 + DJ^2)^1/2) / 2 + PE
    Total System Jitter     (TSJ):    0.050ns
    Discrete Jitter          (DJ):    0.281ns
    Phase Error              (PE):    0.365ns

    Location             Delay type                Incr(ns)  Path(ns)    Netlist Resource(s)
  -------------------------------------------------------------------    -------------------
                         (clock clk_out1_clk_wiz_0 rise edge)
                                                      0.000     0.000 r  
    BUFGCTRL_X0Y0        BUFG                         0.000     0.000 r  clk_IBUF_BUFG_inst/O
                         net (fo=2128, routed)        0.546     0.546    vga/pll_inst/inst/clk_in1
    MMCME2_ADV_X0Y0      MMCME2_ADV (Prop_mmcme2_adv_CLKIN1_CLKOUT0)
                                                     -1.053    -0.508 r  vga/pll_inst/inst/mmcm_adv_inst/CLKOUT0
                         net (fo=1, routed)           0.482    -0.026    vga/pll_inst/inst/clk_out1_clk_wiz_0
    BUFGCTRL_X0Y1        BUFG (Prop_bufg_I_O)         0.026     0.000 r  vga/pll_inst/inst/clkout1_buf/O
                         net (fo=71, routed)          0.565     0.565    vga/VGA_H/CLK
    SLICE_X7Y7           FDRE                                         r  vga/VGA_H/h_count_reg[8]/C
  -------------------------------------------------------------------    -------------------
    SLICE_X7Y7           FDRE (Prop_fdre_C_Q)         0.141     0.706 r  vga/VGA_H/h_count_reg[8]/Q
                         net (fo=6, routed)           0.168     0.874    vga/img_mem/mem_i_3[1]
    SLICE_X6Y8           LUT2 (Prop_lut2_I1_O)        0.045     0.919 r  vga/img_mem/mem_i_8/O
                         net (fo=1, routed)           0.000     0.919    vga/VGA_V/monoram[1]
    SLICE_X6Y8           CARRY4 (Prop_carry4_S[1]_CO[3])
                                                      0.152     1.071 r  vga/VGA_V/mem_i_3/CO[3]
                         net (fo=1, routed)           0.000     1.071    vga/VGA_V/mem_i_3_n_1
    SLICE_X6Y9           CARRY4 (Prop_carry4_CI_CO[3])
                                                      0.040     1.111 r  vga/VGA_V/mem_i_2/CO[3]
                         net (fo=1, routed)           0.000     1.111    vga/VGA_V/mem_i_2_n_1
    SLICE_X6Y10          CARRY4 (Prop_carry4_CI_O[2])
                                                      0.066     1.177 r  vga/VGA_V/mem_i_1/O[2]
                         net (fo=13, routed)          0.867     2.044    <hidden>
    SLICE_X26Y13         LUT5 (Prop_lut5_I1_O)        0.108     2.152 r  <hidden>
                         net (fo=1, routed)           0.000     2.152    <hidden>
    SLICE_X26Y13         FDRE                                         r  <hidden>
  -------------------------------------------------------------------    -------------------

Slack:                    inf
  Source:                 vga/img_mem/red_reg[3]/C
                            (rising edge-triggered cell FDRE clocked by clk_out1_clk_wiz_0  {rise@0.000ns fall@19.862ns period=39.724ns})
  Destination:            red[3]
                            (output port)
  Path Group:             (none)
  Path Type:              Min at Fast Process Corner
  Data Path Delay:        1.994ns  (logic 1.338ns (67.090%)  route 0.656ns (32.910%))
  Logic Levels:           1  (OBUF=1)
  Clock Uncertainty:      0.508ns  ((TSJ^2 + DJ^2)^1/2) / 2 + PE
    Total System Jitter     (TSJ):    0.050ns
    Discrete Jitter          (DJ):    0.281ns
    Phase Error              (PE):    0.365ns

    Location             Delay type                Incr(ns)  Path(ns)    Netlist Resource(s)
  -------------------------------------------------------------------    -------------------
                         (clock clk_out1_clk_wiz_0 rise edge)
                                                      0.000     0.000 r  
    BUFGCTRL_X0Y0        BUFG                         0.000     0.000 r  clk_IBUF_BUFG_inst/O
                         net (fo=2128, routed)        0.546     0.546    vga/pll_inst/inst/clk_in1
    MMCME2_ADV_X0Y0      MMCME2_ADV (Prop_mmcme2_adv_CLKIN1_CLKOUT0)
                                                     -1.053    -0.508 r  vga/pll_inst/inst/mmcm_adv_inst/CLKOUT0
                         net (fo=1, routed)           0.482    -0.026    vga/pll_inst/inst/clk_out1_clk_wiz_0
    BUFGCTRL_X0Y1        BUFG (Prop_bufg_I_O)         0.026     0.000 r  vga/pll_inst/inst/clkout1_buf/O
                         net (fo=71, routed)          0.555     0.555    vga/img_mem/clk_out1
    SLICE_X21Y33         FDRE                                         r  vga/img_mem/red_reg[3]/C
  -------------------------------------------------------------------    -------------------
    SLICE_X21Y33         FDRE (Prop_fdre_C_Q)         0.141     0.696 r  vga/img_mem/red_reg[3]/Q
                         net (fo=1, routed)           0.656     1.352    red_OBUF[3]
    V12                  OBUF (Prop_obuf_I_O)         1.197     2.549 r  red_OBUF[3]_inst/O
                         net (fo=0)                   0.000     2.549    red[3]
    V12                                                               r  red[3] (OUT)
  -------------------------------------------------------------------    -------------------

Slack:                    inf
  Source:                 vga/img_mem/red_reg[2]/C
                            (rising edge-triggered cell FDRE clocked by clk_out1_clk_wiz_0  {rise@0.000ns fall@19.862ns period=39.724ns})
  Destination:            red[2]
                            (output port)
  Path Group:             (none)
  Path Type:              Min at Fast Process Corner
  Data Path Delay:        2.152ns  (logic 1.344ns (62.451%)  route 0.808ns (37.549%))
  Logic Levels:           1  (OBUF=1)
  Clock Uncertainty:      0.508ns  ((TSJ^2 + DJ^2)^1/2) / 2 + PE
    Total System Jitter     (TSJ):    0.050ns
    Discrete Jitter          (DJ):    0.281ns
    Phase Error              (PE):    0.365ns

    Location             Delay type                Incr(ns)  Path(ns)    Netlist Resource(s)
  -------------------------------------------------------------------    -------------------
                         (clock clk_out1_clk_wiz_0 rise edge)
                                                      0.000     0.000 r  
    BUFGCTRL_X0Y0        BUFG                         0.000     0.000 r  clk_IBUF_BUFG_inst/O
                         net (fo=2128, routed)        0.546     0.546    vga/pll_inst/inst/clk_in1
    MMCME2_ADV_X0Y0      MMCME2_ADV (Prop_mmcme2_adv_CLKIN1_CLKOUT0)
                                                     -1.053    -0.508 r  vga/pll_inst/inst/mmcm_adv_inst/CLKOUT0
                         net (fo=1, routed)           0.482    -0.026    vga/pll_inst/inst/clk_out1_clk_wiz_0
    BUFGCTRL_X0Y1        BUFG (Prop_bufg_I_O)         0.026     0.000 r  vga/pll_inst/inst/clkout1_buf/O
                         net (fo=71, routed)          0.554     0.554    vga/img_mem/clk_out1
    SLICE_X21Y32         FDRE                                         r  vga/img_mem/red_reg[2]/C
  -------------------------------------------------------------------    -------------------
    SLICE_X21Y32         FDRE (Prop_fdre_C_Q)         0.141     0.695 r  vga/img_mem/red_reg[2]/Q
                         net (fo=1, routed)           0.808     1.503    red_OBUF[2]
    W13                  OBUF (Prop_obuf_I_O)         1.203     2.706 r  red_OBUF[2]_inst/O
                         net (fo=0)                   0.000     2.706    red[2]
    W13                                                               r  red[2] (OUT)
  -------------------------------------------------------------------    -------------------





--------------------------------------------------------------------------------------
Path Group:  (none)
From Clock:  clkfbout_clk_wiz_0
  To Clock:  

Max Delay             1 Endpoint
Min Delay             1 Endpoint
--------------------------------------------------------------------------------------


Max Delay Paths
--------------------------------------------------------------------------------------
Slack:                    inf
  Source:                 vga/pll_inst/inst/mmcm_adv_inst/CLKFBOUT
                            (clock source 'clkfbout_clk_wiz_0'  {rise@0.000ns fall@28.000ns period=56.000ns})
  Destination:            vga/pll_inst/inst/mmcm_adv_inst/CLKFBIN
  Path Group:             (none)
  Path Type:              Max at Slow Process Corner
  Data Path Delay:        3.538ns  (logic 0.101ns (2.855%)  route 3.437ns (97.145%))
  Logic Levels:           1  (BUFG=1)
  Clock Uncertainty:      0.454ns  ((TSJ^2 + DJ^2)^1/2) / 2 + PE
    Total System Jitter     (TSJ):    0.050ns
    Discrete Jitter          (DJ):    0.169ns
    Phase Error              (PE):    0.365ns

    Location             Delay type                Incr(ns)  Path(ns)    Netlist Resource(s)
  -------------------------------------------------------------------    -------------------
                         (clock clkfbout_clk_wiz_0 fall edge)
                                                     28.000    28.000 f  
    BUFGCTRL_X0Y0        BUFG                         0.000    28.000 f  clk_IBUF_BUFG_inst/O
                         net (fo=2128, routed)        1.677    29.677    vga/pll_inst/inst/clk_in1
  -------------------------------------------------------------------    -------------------
    MMCME2_ADV_X0Y0      MMCME2_ADV (Prop_mmcme2_adv_CLKIN1_CLKFBOUT)
                                                     -3.538    26.139 f  vga/pll_inst/inst/mmcm_adv_inst/CLKFBOUT
                         net (fo=1, routed)           1.760    27.899    vga/pll_inst/inst/clkfbout_clk_wiz_0
    BUFGCTRL_X0Y4        BUFG (Prop_bufg_I_O)         0.101    28.000 f  vga/pll_inst/inst/clkf_buf/O
                         net (fo=1, routed)           1.677    29.677    vga/pll_inst/inst/clkfbout_buf_clk_wiz_0
    MMCME2_ADV_X0Y0      MMCME2_ADV                                   f  vga/pll_inst/inst/mmcm_adv_inst/CLKFBIN
  -------------------------------------------------------------------    -------------------





Min Delay Paths
--------------------------------------------------------------------------------------
Slack:                    inf
  Source:                 vga/pll_inst/inst/mmcm_adv_inst/CLKFBOUT
                            (clock source 'clkfbout_clk_wiz_0'  {rise@0.000ns fall@28.000ns period=56.000ns})
  Destination:            vga/pll_inst/inst/mmcm_adv_inst/CLKFBIN
  Path Group:             (none)
  Path Type:              Min at Fast Process Corner
  Data Path Delay:        1.053ns  (logic 0.026ns (2.468%)  route 1.028ns (97.532%))
  Logic Levels:           1  (BUFG=1)
  Clock Uncertainty:      0.454ns  ((TSJ^2 + DJ^2)^1/2) / 2 + PE
    Total System Jitter     (TSJ):    0.050ns
    Discrete Jitter          (DJ):    0.169ns
    Phase Error              (PE):    0.365ns

    Location             Delay type                Incr(ns)  Path(ns)    Netlist Resource(s)
  -------------------------------------------------------------------    -------------------
                         (clock clkfbout_clk_wiz_0 rise edge)
                                                      0.000     0.000 r  
    BUFGCTRL_X0Y0        BUFG                         0.000     0.000 r  clk_IBUF_BUFG_inst/O
                         net (fo=2128, routed)        0.546     0.546    vga/pll_inst/inst/clk_in1
  -------------------------------------------------------------------    -------------------
    MMCME2_ADV_X0Y0      MMCME2_ADV (Prop_mmcme2_adv_CLKIN1_CLKFBOUT)
                                                     -1.053    -0.508 r  vga/pll_inst/inst/mmcm_adv_inst/CLKFBOUT
                         net (fo=1, routed)           0.482    -0.026    vga/pll_inst/inst/clkfbout_clk_wiz_0
    BUFGCTRL_X0Y4        BUFG (Prop_bufg_I_O)         0.026     0.000 r  vga/pll_inst/inst/clkf_buf/O
                         net (fo=1, routed)           0.546     0.546    vga/pll_inst/inst/clkfbout_buf_clk_wiz_0
    MMCME2_ADV_X0Y0      MMCME2_ADV                                   r  vga/pll_inst/inst/mmcm_adv_inst/CLKFBIN
  -------------------------------------------------------------------    -------------------





--------------------------------------------------------------------------------------
Path Group:  (none)
From Clock:  
  To Clock:  clk_out1_clk_wiz_0

Max Delay            71 Endpoints
Min Delay            71 Endpoints
--------------------------------------------------------------------------------------


Max Delay Paths
--------------------------------------------------------------------------------------
Slack:                    inf
  Source:                 vga/pll_inst/inst/mmcm_adv_inst/LOCKED
                            (internal pin)
  Destination:            <hidden>
                            (rising edge-triggered cell RAMB36E1 clocked by clk_out1_clk_wiz_0  {rise@0.000ns fall@19.862ns period=39.724ns})
  Path Group:             (none)
  Path Type:              Setup (Max at Slow Process Corner)
  Data Path Delay:        6.048ns  (logic 0.116ns (1.918%)  route 5.932ns (98.082%))
  Logic Levels:           1  (LUT2=1)
  Clock Uncertainty:      0.508ns  ((TSJ^2 + DJ^2)^1/2) / 2 + PE
    Total System Jitter     (TSJ):    0.050ns
    Discrete Jitter          (DJ):    0.281ns
    Phase Error              (PE):    0.365ns

    Location             Delay type                Incr(ns)  Path(ns)    Netlist Resource(s)
  -------------------------------------------------------------------    -------------------
    MMCME2_ADV_X0Y0      MMCME2_ADV                   0.000     0.000 r  vga/pll_inst/inst/mmcm_adv_inst/LOCKED
                         net (fo=36, routed)          2.866     2.866    <hidden>
    SLICE_X6Y7           LUT2 (Prop_lut2_I0_O)        0.116     2.982 r  <hidden>
                         net (fo=12, routed)          3.067     6.048    <hidden>
    RAMB36_X2Y5          RAMB36E1                                     r  <hidden>
  -------------------------------------------------------------------    -------------------

                         (clock clk_out1_clk_wiz_0 rise edge)
                                                      0.000     0.000 r  
    BUFGCTRL_X0Y0        BUFG                         0.000     0.000 r  clk_IBUF_BUFG_inst/O
                         net (fo=2128, routed)        1.487     1.487    vga/pll_inst/inst/clk_in1
    MMCME2_ADV_X0Y0      MMCME2_ADV (Prop_mmcme2_adv_CLKIN1_CLKOUT0)
                                                     -3.177    -1.690 r  vga/pll_inst/inst/mmcm_adv_inst/CLKOUT0
                         net (fo=1, routed)           1.599    -0.091    vga/pll_inst/inst/clk_out1_clk_wiz_0
    BUFGCTRL_X0Y1        BUFG (Prop_bufg_I_O)         0.091     0.000 r  vga/pll_inst/inst/clkout1_buf/O
                         net (fo=71, routed)          1.526     1.526    <hidden>
    RAMB36_X2Y5          RAMB36E1                                     r  <hidden>

Slack:                    inf
  Source:                 vga/pll_inst/inst/mmcm_adv_inst/LOCKED
                            (internal pin)
  Destination:            vga/img_mem/red_reg[3]/D
                            (rising edge-triggered cell FDRE clocked by clk_out1_clk_wiz_0  {rise@0.000ns fall@19.862ns period=39.724ns})
  Path Group:             (none)
  Path Type:              Setup (Max at Slow Process Corner)
  Data Path Delay:        5.859ns  (logic 0.248ns (4.233%)  route 5.611ns (95.767%))
  Logic Levels:           2  (LUT5=1 LUT6=1)
  Clock Uncertainty:      0.508ns  ((TSJ^2 + DJ^2)^1/2) / 2 + PE
    Total System Jitter     (TSJ):    0.050ns
    Discrete Jitter          (DJ):    0.281ns
    Phase Error              (PE):    0.365ns

    Location             Delay type                Incr(ns)  Path(ns)    Netlist Resource(s)
  -------------------------------------------------------------------    -------------------
    MMCME2_ADV_X0Y0      MMCME2_ADV                   0.000     0.000 r  vga/pll_inst/inst/mmcm_adv_inst/LOCKED
                         net (fo=36, routed)          3.184     3.184    vga/VGA_H/locked
    SLICE_X7Y8           LUT6 (Prop_lut6_I3_O)        0.124     3.308 f  vga/VGA_H/red[3]_i_3/O
                         net (fo=6, routed)           2.427     5.735    vga/img_mem/blue_reg[2]_0
    SLICE_X21Y33         LUT5 (Prop_lut5_I2_O)        0.124     5.859 r  vga/img_mem/red[3]_i_1/O
                         net (fo=1, routed)           0.000     5.859    vga/img_mem/red[3]_i_1_n_1
    SLICE_X21Y33         FDRE                                         r  vga/img_mem/red_reg[3]/D
  -------------------------------------------------------------------    -------------------

                         (clock clk_out1_clk_wiz_0 rise edge)
                                                      0.000     0.000 r  
    BUFGCTRL_X0Y0        BUFG                         0.000     0.000 r  clk_IBUF_BUFG_inst/O
                         net (fo=2128, routed)        1.487     1.487    vga/pll_inst/inst/clk_in1
    MMCME2_ADV_X0Y0      MMCME2_ADV (Prop_mmcme2_adv_CLKIN1_CLKOUT0)
                                                     -3.177    -1.690 r  vga/pll_inst/inst/mmcm_adv_inst/CLKOUT0
                         net (fo=1, routed)           1.599    -0.091    vga/pll_inst/inst/clk_out1_clk_wiz_0
    BUFGCTRL_X0Y1        BUFG (Prop_bufg_I_O)         0.091     0.000 r  vga/pll_inst/inst/clkout1_buf/O
                         net (fo=71, routed)          1.492     1.492    vga/img_mem/clk_out1
    SLICE_X21Y33         FDRE                                         r  vga/img_mem/red_reg[3]/C

Slack:                    inf
  Source:                 vga/pll_inst/inst/mmcm_adv_inst/LOCKED
                            (internal pin)
  Destination:            vga/img_mem/green_reg[3]/D
                            (rising edge-triggered cell FDRE clocked by clk_out1_clk_wiz_0  {rise@0.000ns fall@19.862ns period=39.724ns})
  Path Group:             (none)
  Path Type:              Setup (Max at Slow Process Corner)
  Data Path Delay:        5.857ns  (logic 0.248ns (4.234%)  route 5.609ns (95.766%))
  Logic Levels:           2  (LUT5=1 LUT6=1)
  Clock Uncertainty:      0.508ns  ((TSJ^2 + DJ^2)^1/2) / 2 + PE
    Total System Jitter     (TSJ):    0.050ns
    Discrete Jitter          (DJ):    0.281ns
    Phase Error              (PE):    0.365ns

    Location             Delay type                Incr(ns)  Path(ns)    Netlist Resource(s)
  -------------------------------------------------------------------    -------------------
    MMCME2_ADV_X0Y0      MMCME2_ADV                   0.000     0.000 r  vga/pll_inst/inst/mmcm_adv_inst/LOCKED
                         net (fo=36, routed)          3.184     3.184    vga/VGA_H/locked
    SLICE_X7Y8           LUT6 (Prop_lut6_I3_O)        0.124     3.308 f  vga/VGA_H/red[3]_i_3/O
                         net (fo=6, routed)           2.425     5.733    vga/img_mem/blue_reg[2]_0
    SLICE_X21Y33         LUT5 (Prop_lut5_I4_O)        0.124     5.857 r  vga/img_mem/green[3]_i_1/O
                         net (fo=1, routed)           0.000     5.857    vga/img_mem/green[3]_i_1_n_1
    SLICE_X21Y33         FDRE                                         r  vga/img_mem/green_reg[3]/D
  -------------------------------------------------------------------    -------------------

                         (clock clk_out1_clk_wiz_0 rise edge)
                                                      0.000     0.000 r  
    BUFGCTRL_X0Y0        BUFG                         0.000     0.000 r  clk_IBUF_BUFG_inst/O
                         net (fo=2128, routed)        1.487     1.487    vga/pll_inst/inst/clk_in1
    MMCME2_ADV_X0Y0      MMCME2_ADV (Prop_mmcme2_adv_CLKIN1_CLKOUT0)
                                                     -3.177    -1.690 r  vga/pll_inst/inst/mmcm_adv_inst/CLKOUT0
                         net (fo=1, routed)           1.599    -0.091    vga/pll_inst/inst/clk_out1_clk_wiz_0
    BUFGCTRL_X0Y1        BUFG (Prop_bufg_I_O)         0.091     0.000 r  vga/pll_inst/inst/clkout1_buf/O
                         net (fo=71, routed)          1.492     1.492    vga/img_mem/clk_out1
    SLICE_X21Y33         FDRE                                         r  vga/img_mem/green_reg[3]/C

Slack:                    inf
  Source:                 vga/pll_inst/inst/mmcm_adv_inst/LOCKED
                            (internal pin)
  Destination:            <hidden>
                            (rising edge-triggered cell RAMB36E1 clocked by clk_out1_clk_wiz_0  {rise@0.000ns fall@19.862ns period=39.724ns})
  Path Group:             (none)
  Path Type:              Setup (Max at Slow Process Corner)
  Data Path Delay:        5.613ns  (logic 0.116ns (2.067%)  route 5.497ns (97.933%))
  Logic Levels:           1  (LUT2=1)
  Clock Uncertainty:      0.508ns  ((TSJ^2 + DJ^2)^1/2) / 2 + PE
    Total System Jitter     (TSJ):    0.050ns
    Discrete Jitter          (DJ):    0.281ns
    Phase Error              (PE):    0.365ns

    Location             Delay type                Incr(ns)  Path(ns)    Netlist Resource(s)
  -------------------------------------------------------------------    -------------------
    MMCME2_ADV_X0Y0      MMCME2_ADV                   0.000     0.000 r  vga/pll_inst/inst/mmcm_adv_inst/LOCKED
                         net (fo=36, routed)          2.866     2.866    <hidden>
    SLICE_X6Y7           LUT2 (Prop_lut2_I0_O)        0.116     2.982 r  <hidden>
                         net (fo=12, routed)          2.632     5.613    <hidden>
    RAMB36_X1Y5          RAMB36E1                                     r  <hidden>
  -------------------------------------------------------------------    -------------------

                         (clock clk_out1_clk_wiz_0 rise edge)
                                                      0.000     0.000 r  
    BUFGCTRL_X0Y0        BUFG                         0.000     0.000 r  clk_IBUF_BUFG_inst/O
                         net (fo=2128, routed)        1.487     1.487    vga/pll_inst/inst/clk_in1
    MMCME2_ADV_X0Y0      MMCME2_ADV (Prop_mmcme2_adv_CLKIN1_CLKOUT0)
                                                     -3.177    -1.690 r  vga/pll_inst/inst/mmcm_adv_inst/CLKOUT0
                         net (fo=1, routed)           1.599    -0.091    vga/pll_inst/inst/clk_out1_clk_wiz_0
    BUFGCTRL_X0Y1        BUFG (Prop_bufg_I_O)         0.091     0.000 r  vga/pll_inst/inst/clkout1_buf/O
                         net (fo=71, routed)          1.525     1.525    <hidden>
    RAMB36_X1Y5          RAMB36E1                                     r  <hidden>

Slack:                    inf
  Source:                 vga/pll_inst/inst/mmcm_adv_inst/LOCKED
                            (internal pin)
  Destination:            <hidden>
                            (rising edge-triggered cell RAMB36E1 clocked by clk_out1_clk_wiz_0  {rise@0.000ns fall@19.862ns period=39.724ns})
  Path Group:             (none)
  Path Type:              Setup (Max at Slow Process Corner)
  Data Path Delay:        5.584ns  (logic 0.116ns (2.077%)  route 5.468ns (97.923%))
  Logic Levels:           1  (LUT2=1)
  Clock Uncertainty:      0.508ns  ((TSJ^2 + DJ^2)^1/2) / 2 + PE
    Total System Jitter     (TSJ):    0.050ns
    Discrete Jitter          (DJ):    0.281ns
    Phase Error              (PE):    0.365ns

    Location             Delay type                Incr(ns)  Path(ns)    Netlist Resource(s)
  -------------------------------------------------------------------    -------------------
    MMCME2_ADV_X0Y0      MMCME2_ADV                   0.000     0.000 r  vga/pll_inst/inst/mmcm_adv_inst/LOCKED
                         net (fo=36, routed)          2.866     2.866    <hidden>
    SLICE_X6Y7           LUT2 (Prop_lut2_I0_O)        0.116     2.982 r  <hidden>
                         net (fo=12, routed)          2.603     5.584    <hidden>
    RAMB36_X2Y4          RAMB36E1                                     r  <hidden>
  -------------------------------------------------------------------    -------------------

                         (clock clk_out1_clk_wiz_0 rise edge)
                                                      0.000     0.000 r  
    BUFGCTRL_X0Y0        BUFG                         0.000     0.000 r  clk_IBUF_BUFG_inst/O
                         net (fo=2128, routed)        1.487     1.487    vga/pll_inst/inst/clk_in1
    MMCME2_ADV_X0Y0      MMCME2_ADV (Prop_mmcme2_adv_CLKIN1_CLKOUT0)
                                                     -3.177    -1.690 r  vga/pll_inst/inst/mmcm_adv_inst/CLKOUT0
                         net (fo=1, routed)           1.599    -0.091    vga/pll_inst/inst/clk_out1_clk_wiz_0
    BUFGCTRL_X0Y1        BUFG (Prop_bufg_I_O)         0.091     0.000 r  vga/pll_inst/inst/clkout1_buf/O
                         net (fo=71, routed)          1.520     1.520    <hidden>
    RAMB36_X2Y4          RAMB36E1                                     r  <hidden>

Slack:                    inf
  Source:                 vga/pll_inst/inst/mmcm_adv_inst/LOCKED
                            (internal pin)
  Destination:            vga/img_mem/red_reg[2]/D
                            (rising edge-triggered cell FDRE clocked by clk_out1_clk_wiz_0  {rise@0.000ns fall@19.862ns period=39.724ns})
  Path Group:             (none)
  Path Type:              Setup (Max at Slow Process Corner)
  Data Path Delay:        5.553ns  (logic 0.248ns (4.466%)  route 5.305ns (95.534%))
  Logic Levels:           2  (LUT5=1 LUT6=1)
  Clock Uncertainty:      0.508ns  ((TSJ^2 + DJ^2)^1/2) / 2 + PE
    Total System Jitter     (TSJ):    0.050ns
    Discrete Jitter          (DJ):    0.281ns
    Phase Error              (PE):    0.365ns

    Location             Delay type                Incr(ns)  Path(ns)    Netlist Resource(s)
  -------------------------------------------------------------------    -------------------
    MMCME2_ADV_X0Y0      MMCME2_ADV                   0.000     0.000 r  vga/pll_inst/inst/mmcm_adv_inst/LOCKED
                         net (fo=36, routed)          3.184     3.184    vga/VGA_H/locked
    SLICE_X7Y8           LUT6 (Prop_lut6_I3_O)        0.124     3.308 f  vga/VGA_H/red[3]_i_3/O
                         net (fo=6, routed)           2.121     5.429    vga/img_mem/blue_reg[2]_0
    SLICE_X21Y32         LUT5 (Prop_lut5_I4_O)        0.124     5.553 r  vga/img_mem/red[2]_i_1/O
                         net (fo=1, routed)           0.000     5.553    vga/img_mem/red[2]_i_1_n_1
    SLICE_X21Y32         FDRE                                         r  vga/img_mem/red_reg[2]/D
  -------------------------------------------------------------------    -------------------

                         (clock clk_out1_clk_wiz_0 rise edge)
                                                      0.000     0.000 r  
    BUFGCTRL_X0Y0        BUFG                         0.000     0.000 r  clk_IBUF_BUFG_inst/O
                         net (fo=2128, routed)        1.487     1.487    vga/pll_inst/inst/clk_in1
    MMCME2_ADV_X0Y0      MMCME2_ADV (Prop_mmcme2_adv_CLKIN1_CLKOUT0)
                                                     -3.177    -1.690 r  vga/pll_inst/inst/mmcm_adv_inst/CLKOUT0
                         net (fo=1, routed)           1.599    -0.091    vga/pll_inst/inst/clk_out1_clk_wiz_0
    BUFGCTRL_X0Y1        BUFG (Prop_bufg_I_O)         0.091     0.000 r  vga/pll_inst/inst/clkout1_buf/O
                         net (fo=71, routed)          1.491     1.491    vga/img_mem/clk_out1
    SLICE_X21Y32         FDRE                                         r  vga/img_mem/red_reg[2]/C

Slack:                    inf
  Source:                 rst
                            (input port)
  Destination:            vga/VGA_H/h_count_reg[9]/R
                            (rising edge-triggered cell FDRE clocked by clk_out1_clk_wiz_0  {rise@0.000ns fall@19.862ns period=39.724ns})
  Path Group:             (none)
  Path Type:              Setup (Max at Slow Process Corner)
  Data Path Delay:        5.533ns  (logic 1.088ns (19.657%)  route 4.446ns (80.343%))
  Logic Levels:           2  (IBUF=1 LUT3=1)
  Clock Path Skew:        1.505ns (DCD - SCD + CPR)
    Destination Clock Delay (DCD):    1.505ns
    Source Clock Delay      (SCD):    0.000ns
    Clock Pessimism Removal (CPR):    0.000ns
  Clock Uncertainty:      0.508ns  ((TSJ^2 + DJ^2)^1/2) / 2 + PE
    Total System Jitter     (TSJ):    0.050ns
    Discrete Jitter          (DJ):    0.281ns
    Phase Error              (PE):    0.365ns

    Location             Delay type                Incr(ns)  Path(ns)    Netlist Resource(s)
  -------------------------------------------------------------------    -------------------
    U20                                               0.000     0.000 r  rst (IN)
                         net (fo=0)                   0.000     0.000    rst
    U20                  IBUF (Prop_ibuf_I_O)         0.964     0.964 r  rst_IBUF_inst/O
                         net (fo=387, routed)         3.755     4.718    vga/VGA_H/rst_IBUF
    SLICE_X6Y7           LUT3 (Prop_lut3_I1_O)        0.124     4.842 r  vga/VGA_H/h_count[9]_i_1/O
                         net (fo=10, routed)          0.691     5.533    vga/VGA_H/h_count[9]_i_1_n_1
    SLICE_X6Y8           FDRE                                         r  vga/VGA_H/h_count_reg[9]/R
  -------------------------------------------------------------------    -------------------

                         (clock clk_out1_clk_wiz_0 rise edge)
                                                      0.000     0.000 r  
    BUFGCTRL_X0Y0        BUFG                         0.000     0.000 r  clk_IBUF_BUFG_inst/O
                         net (fo=2128, routed)        1.487     1.487    vga/pll_inst/inst/clk_in1
    MMCME2_ADV_X0Y0      MMCME2_ADV (Prop_mmcme2_adv_CLKIN1_CLKOUT0)
                                                     -3.177    -1.690 r  vga/pll_inst/inst/mmcm_adv_inst/CLKOUT0
                         net (fo=1, routed)           1.599    -0.091    vga/pll_inst/inst/clk_out1_clk_wiz_0
    BUFGCTRL_X0Y1        BUFG (Prop_bufg_I_O)         0.091     0.000 r  vga/pll_inst/inst/clkout1_buf/O
                         net (fo=71, routed)          1.505     1.505    vga/VGA_H/CLK
    SLICE_X6Y8           FDRE                                         r  vga/VGA_H/h_count_reg[9]/C

Slack:                    inf
  Source:                 rst
                            (input port)
  Destination:            vga/VGA_H/h_count_reg[0]/R
                            (rising edge-triggered cell FDRE clocked by clk_out1_clk_wiz_0  {rise@0.000ns fall@19.862ns period=39.724ns})
  Path Group:             (none)
  Path Type:              Setup (Max at Slow Process Corner)
  Data Path Delay:        5.533ns  (logic 1.088ns (19.658%)  route 4.445ns (80.342%))
  Logic Levels:           2  (IBUF=1 LUT3=1)
  Clock Path Skew:        1.506ns (DCD - SCD + CPR)
    Destination Clock Delay (DCD):    1.506ns
    Source Clock Delay      (SCD):    0.000ns
    Clock Pessimism Removal (CPR):    0.000ns
  Clock Uncertainty:      0.508ns  ((TSJ^2 + DJ^2)^1/2) / 2 + PE
    Total System Jitter     (TSJ):    0.050ns
    Discrete Jitter          (DJ):    0.281ns
    Phase Error              (PE):    0.365ns

    Location             Delay type                Incr(ns)  Path(ns)    Netlist Resource(s)
  -------------------------------------------------------------------    -------------------
    U20                                               0.000     0.000 r  rst (IN)
                         net (fo=0)                   0.000     0.000    rst
    U20                  IBUF (Prop_ibuf_I_O)         0.964     0.964 r  rst_IBUF_inst/O
                         net (fo=387, routed)         3.755     4.718    vga/VGA_H/rst_IBUF
    SLICE_X6Y7           LUT3 (Prop_lut3_I1_O)        0.124     4.842 r  vga/VGA_H/h_count[9]_i_1/O
                         net (fo=10, routed)          0.691     5.533    vga/VGA_H/h_count[9]_i_1_n_1
    SLICE_X6Y6           FDRE                                         r  vga/VGA_H/h_count_reg[0]/R
  -------------------------------------------------------------------    -------------------

                         (clock clk_out1_clk_wiz_0 rise edge)
                                                      0.000     0.000 r  
    BUFGCTRL_X0Y0        BUFG                         0.000     0.000 r  clk_IBUF_BUFG_inst/O
                         net (fo=2128, routed)        1.487     1.487    vga/pll_inst/inst/clk_in1
    MMCME2_ADV_X0Y0      MMCME2_ADV (Prop_mmcme2_adv_CLKIN1_CLKOUT0)
                                                     -3.177    -1.690 r  vga/pll_inst/inst/mmcm_adv_inst/CLKOUT0
                         net (fo=1, routed)           1.599    -0.091    vga/pll_inst/inst/clk_out1_clk_wiz_0
    BUFGCTRL_X0Y1        BUFG (Prop_bufg_I_O)         0.091     0.000 r  vga/pll_inst/inst/clkout1_buf/O
                         net (fo=71, routed)          1.506     1.506    vga/VGA_H/CLK
    SLICE_X6Y6           FDRE                                         r  vga/VGA_H/h_count_reg[0]/C

Slack:                    inf
  Source:                 rst
                            (input port)
  Destination:            vga/VGA_H/h_count_reg[1]/R
                            (rising edge-triggered cell FDRE clocked by clk_out1_clk_wiz_0  {rise@0.000ns fall@19.862ns period=39.724ns})
  Path Group:             (none)
  Path Type:              Setup (Max at Slow Process Corner)
  Data Path Delay:        5.533ns  (logic 1.088ns (19.658%)  route 4.445ns (80.342%))
  Logic Levels:           2  (IBUF=1 LUT3=1)
  Clock Path Skew:        1.506ns (DCD - SCD + CPR)
    Destination Clock Delay (DCD):    1.506ns
    Source Clock Delay      (SCD):    0.000ns
    Clock Pessimism Removal (CPR):    0.000ns
  Clock Uncertainty:      0.508ns  ((TSJ^2 + DJ^2)^1/2) / 2 + PE
    Total System Jitter     (TSJ):    0.050ns
    Discrete Jitter          (DJ):    0.281ns
    Phase Error              (PE):    0.365ns

    Location             Delay type                Incr(ns)  Path(ns)    Netlist Resource(s)
  -------------------------------------------------------------------    -------------------
    U20                                               0.000     0.000 r  rst (IN)
                         net (fo=0)                   0.000     0.000    rst
    U20                  IBUF (Prop_ibuf_I_O)         0.964     0.964 r  rst_IBUF_inst/O
                         net (fo=387, routed)         3.755     4.718    vga/VGA_H/rst_IBUF
    SLICE_X6Y7           LUT3 (Prop_lut3_I1_O)        0.124     4.842 r  vga/VGA_H/h_count[9]_i_1/O
                         net (fo=10, routed)          0.691     5.533    vga/VGA_H/h_count[9]_i_1_n_1
    SLICE_X7Y6           FDRE                                         r  vga/VGA_H/h_count_reg[1]/R
  -------------------------------------------------------------------    -------------------

                         (clock clk_out1_clk_wiz_0 rise edge)
                                                      0.000     0.000 r  
    BUFGCTRL_X0Y0        BUFG                         0.000     0.000 r  clk_IBUF_BUFG_inst/O
                         net (fo=2128, routed)        1.487     1.487    vga/pll_inst/inst/clk_in1
    MMCME2_ADV_X0Y0      MMCME2_ADV (Prop_mmcme2_adv_CLKIN1_CLKOUT0)
                                                     -3.177    -1.690 r  vga/pll_inst/inst/mmcm_adv_inst/CLKOUT0
                         net (fo=1, routed)           1.599    -0.091    vga/pll_inst/inst/clk_out1_clk_wiz_0
    BUFGCTRL_X0Y1        BUFG (Prop_bufg_I_O)         0.091     0.000 r  vga/pll_inst/inst/clkout1_buf/O
                         net (fo=71, routed)          1.506     1.506    vga/VGA_H/CLK
    SLICE_X7Y6           FDRE                                         r  vga/VGA_H/h_count_reg[1]/C

Slack:                    inf
  Source:                 rst
                            (input port)
  Destination:            vga/VGA_H/h_count_reg[2]/R
                            (rising edge-triggered cell FDRE clocked by clk_out1_clk_wiz_0  {rise@0.000ns fall@19.862ns period=39.724ns})
  Path Group:             (none)
  Path Type:              Setup (Max at Slow Process Corner)
  Data Path Delay:        5.533ns  (logic 1.088ns (19.658%)  route 4.445ns (80.342%))
  Logic Levels:           2  (IBUF=1 LUT3=1)
  Clock Path Skew:        1.506ns (DCD - SCD + CPR)
    Destination Clock Delay (DCD):    1.506ns
    Source Clock Delay      (SCD):    0.000ns
    Clock Pessimism Removal (CPR):    0.000ns
  Clock Uncertainty:      0.508ns  ((TSJ^2 + DJ^2)^1/2) / 2 + PE
    Total System Jitter     (TSJ):    0.050ns
    Discrete Jitter          (DJ):    0.281ns
    Phase Error              (PE):    0.365ns

    Location             Delay type                Incr(ns)  Path(ns)    Netlist Resource(s)
  -------------------------------------------------------------------    -------------------
    U20                                               0.000     0.000 r  rst (IN)
                         net (fo=0)                   0.000     0.000    rst
    U20                  IBUF (Prop_ibuf_I_O)         0.964     0.964 r  rst_IBUF_inst/O
                         net (fo=387, routed)         3.755     4.718    vga/VGA_H/rst_IBUF
    SLICE_X6Y7           LUT3 (Prop_lut3_I1_O)        0.124     4.842 r  vga/VGA_H/h_count[9]_i_1/O
                         net (fo=10, routed)          0.691     5.533    vga/VGA_H/h_count[9]_i_1_n_1
    SLICE_X7Y6           FDRE                                         r  vga/VGA_H/h_count_reg[2]/R
  -------------------------------------------------------------------    -------------------

                         (clock clk_out1_clk_wiz_0 rise edge)
                                                      0.000     0.000 r  
    BUFGCTRL_X0Y0        BUFG                         0.000     0.000 r  clk_IBUF_BUFG_inst/O
                         net (fo=2128, routed)        1.487     1.487    vga/pll_inst/inst/clk_in1
    MMCME2_ADV_X0Y0      MMCME2_ADV (Prop_mmcme2_adv_CLKIN1_CLKOUT0)
                                                     -3.177    -1.690 r  vga/pll_inst/inst/mmcm_adv_inst/CLKOUT0
                         net (fo=1, routed)           1.599    -0.091    vga/pll_inst/inst/clk_out1_clk_wiz_0
    BUFGCTRL_X0Y1        BUFG (Prop_bufg_I_O)         0.091     0.000 r  vga/pll_inst/inst/clkout1_buf/O
                         net (fo=71, routed)          1.506     1.506    vga/VGA_H/CLK
    SLICE_X7Y6           FDRE                                         r  vga/VGA_H/h_count_reg[2]/C





Min Delay Paths
--------------------------------------------------------------------------------------
Slack:                    inf
  Source:                 vga/VGA_CONF_reg[3]/C
                            (rising edge-triggered cell FDRE)
  Destination:            vga/img_mem/blue_reg[3]/D
                            (rising edge-triggered cell FDRE clocked by clk_out1_clk_wiz_0  {rise@0.000ns fall@19.862ns period=39.724ns})
  Path Group:             (none)
  Path Type:              Hold (Min at Fast Process Corner)
  Data Path Delay:        0.506ns  (logic 0.186ns (36.729%)  route 0.320ns (63.271%))
  Logic Levels:           2  (FDRE=1 LUT5=1)
  Clock Uncertainty:      0.508ns  ((TSJ^2 + DJ^2)^1/2) / 2 + PE
    Total System Jitter     (TSJ):    0.050ns
    Discrete Jitter          (DJ):    0.281ns
    Phase Error              (PE):    0.365ns

    Location             Delay type                Incr(ns)  Path(ns)    Netlist Resource(s)
  -------------------------------------------------------------------    -------------------
    SLICE_X29Y33         FDRE                         0.000     0.000 r  vga/VGA_CONF_reg[3]/C
    SLICE_X29Y33         FDRE (Prop_fdre_C_Q)         0.141     0.141 r  vga/VGA_CONF_reg[3]/Q
                         net (fo=3, routed)           0.320     0.461    vga/img_mem/out[2]
    SLICE_X21Y33         LUT5 (Prop_lut5_I0_O)        0.045     0.506 r  vga/img_mem/blue[3]_i_1/O
                         net (fo=1, routed)           0.000     0.506    vga/img_mem/blue[3]_i_1_n_1
    SLICE_X21Y33         FDRE                                         r  vga/img_mem/blue_reg[3]/D
  -------------------------------------------------------------------    -------------------

                         (clock clk_out1_clk_wiz_0 rise edge)
                                                      0.000     0.000 r  
    BUFGCTRL_X0Y0        BUFG                         0.000     0.000 r  clk_IBUF_BUFG_inst/O
                         net (fo=2128, routed)        0.812     0.812    vga/pll_inst/inst/clk_in1
    MMCME2_ADV_X0Y0      MMCME2_ADV (Prop_mmcme2_adv_CLKIN1_CLKOUT0)
                                                     -1.369    -0.557 r  vga/pll_inst/inst/mmcm_adv_inst/CLKOUT0
                         net (fo=1, routed)           0.528    -0.029    vga/pll_inst/inst/clk_out1_clk_wiz_0
    BUFGCTRL_X0Y1        BUFG (Prop_bufg_I_O)         0.029    -0.000 r  vga/pll_inst/inst/clkout1_buf/O
                         net (fo=71, routed)          0.823     0.823    vga/img_mem/clk_out1
    SLICE_X21Y33         FDRE                                         r  vga/img_mem/blue_reg[3]/C

Slack:                    inf
  Source:                 vga/VGA_CONF_reg[5]/C
                            (rising edge-triggered cell FDRE)
  Destination:            vga/img_mem/green_reg[3]/D
                            (rising edge-triggered cell FDRE clocked by clk_out1_clk_wiz_0  {rise@0.000ns fall@19.862ns period=39.724ns})
  Path Group:             (none)
  Path Type:              Hold (Min at Fast Process Corner)
  Data Path Delay:        0.542ns  (logic 0.186ns (34.302%)  route 0.356ns (65.698%))
  Logic Levels:           2  (FDRE=1 LUT5=1)
  Clock Uncertainty:      0.508ns  ((TSJ^2 + DJ^2)^1/2) / 2 + PE
    Total System Jitter     (TSJ):    0.050ns
    Discrete Jitter          (DJ):    0.281ns
    Phase Error              (PE):    0.365ns

    Location             Delay type                Incr(ns)  Path(ns)    Netlist Resource(s)
  -------------------------------------------------------------------    -------------------
    SLICE_X29Y33         FDRE                         0.000     0.000 r  vga/VGA_CONF_reg[5]/C
    SLICE_X29Y33         FDRE (Prop_fdre_C_Q)         0.141     0.141 r  vga/VGA_CONF_reg[5]/Q
                         net (fo=3, routed)           0.356     0.497    vga/img_mem/out[4]
    SLICE_X21Y33         LUT5 (Prop_lut5_I0_O)        0.045     0.542 r  vga/img_mem/green[3]_i_1/O
                         net (fo=1, routed)           0.000     0.542    vga/img_mem/green[3]_i_1_n_1
    SLICE_X21Y33         FDRE                                         r  vga/img_mem/green_reg[3]/D
  -------------------------------------------------------------------    -------------------

                         (clock clk_out1_clk_wiz_0 rise edge)
                                                      0.000     0.000 r  
    BUFGCTRL_X0Y0        BUFG                         0.000     0.000 r  clk_IBUF_BUFG_inst/O
                         net (fo=2128, routed)        0.812     0.812    vga/pll_inst/inst/clk_in1
    MMCME2_ADV_X0Y0      MMCME2_ADV (Prop_mmcme2_adv_CLKIN1_CLKOUT0)
                                                     -1.369    -0.557 r  vga/pll_inst/inst/mmcm_adv_inst/CLKOUT0
                         net (fo=1, routed)           0.528    -0.029    vga/pll_inst/inst/clk_out1_clk_wiz_0
    BUFGCTRL_X0Y1        BUFG (Prop_bufg_I_O)         0.029    -0.000 r  vga/pll_inst/inst/clkout1_buf/O
                         net (fo=71, routed)          0.823     0.823    vga/img_mem/clk_out1
    SLICE_X21Y33         FDRE                                         r  vga/img_mem/green_reg[3]/C

Slack:                    inf
  Source:                 vga/VGA_CONF_reg[7]/C
                            (rising edge-triggered cell FDRE)
  Destination:            vga/img_mem/red_reg[3]/D
                            (rising edge-triggered cell FDRE clocked by clk_out1_clk_wiz_0  {rise@0.000ns fall@19.862ns period=39.724ns})
  Path Group:             (none)
  Path Type:              Hold (Min at Fast Process Corner)
  Data Path Delay:        0.575ns  (logic 0.186ns (32.327%)  route 0.389ns (67.673%))
  Logic Levels:           2  (FDRE=1 LUT5=1)
  Clock Uncertainty:      0.508ns  ((TSJ^2 + DJ^2)^1/2) / 2 + PE
    Total System Jitter     (TSJ):    0.050ns
    Discrete Jitter          (DJ):    0.281ns
    Phase Error              (PE):    0.365ns

    Location             Delay type                Incr(ns)  Path(ns)    Netlist Resource(s)
  -------------------------------------------------------------------    -------------------
    SLICE_X31Y35         FDRE                         0.000     0.000 r  vga/VGA_CONF_reg[7]/C
    SLICE_X31Y35         FDRE (Prop_fdre_C_Q)         0.141     0.141 r  vga/VGA_CONF_reg[7]/Q
                         net (fo=3, routed)           0.389     0.530    vga/img_mem/out[6]
    SLICE_X21Y33         LUT5 (Prop_lut5_I1_O)        0.045     0.575 r  vga/img_mem/red[3]_i_1/O
                         net (fo=1, routed)           0.000     0.575    vga/img_mem/red[3]_i_1_n_1
    SLICE_X21Y33         FDRE                                         r  vga/img_mem/red_reg[3]/D
  -------------------------------------------------------------------    -------------------

                         (clock clk_out1_clk_wiz_0 rise edge)
                                                      0.000     0.000 r  
    BUFGCTRL_X0Y0        BUFG                         0.000     0.000 r  clk_IBUF_BUFG_inst/O
                         net (fo=2128, routed)        0.812     0.812    vga/pll_inst/inst/clk_in1
    MMCME2_ADV_X0Y0      MMCME2_ADV (Prop_mmcme2_adv_CLKIN1_CLKOUT0)
                                                     -1.369    -0.557 r  vga/pll_inst/inst/mmcm_adv_inst/CLKOUT0
                         net (fo=1, routed)           0.528    -0.029    vga/pll_inst/inst/clk_out1_clk_wiz_0
    BUFGCTRL_X0Y1        BUFG (Prop_bufg_I_O)         0.029    -0.000 r  vga/pll_inst/inst/clkout1_buf/O
                         net (fo=71, routed)          0.823     0.823    vga/img_mem/clk_out1
    SLICE_X21Y33         FDRE                                         r  vga/img_mem/red_reg[3]/C

Slack:                    inf
  Source:                 vga/VGA_CONF_reg[4]/C
                            (rising edge-triggered cell FDRE)
  Destination:            vga/img_mem/green_reg[2]/D
                            (rising edge-triggered cell FDRE clocked by clk_out1_clk_wiz_0  {rise@0.000ns fall@19.862ns period=39.724ns})
  Path Group:             (none)
  Path Type:              Hold (Min at Fast Process Corner)
  Data Path Delay:        0.613ns  (logic 0.186ns (30.365%)  route 0.427ns (69.635%))
  Logic Levels:           2  (FDRE=1 LUT5=1)
  Clock Uncertainty:      0.508ns  ((TSJ^2 + DJ^2)^1/2) / 2 + PE
    Total System Jitter     (TSJ):    0.050ns
    Discrete Jitter          (DJ):    0.281ns
    Phase Error              (PE):    0.365ns

    Location             Delay type                Incr(ns)  Path(ns)    Netlist Resource(s)
  -------------------------------------------------------------------    -------------------
    SLICE_X31Y35         FDRE                         0.000     0.000 r  vga/VGA_CONF_reg[4]/C
    SLICE_X31Y35         FDRE (Prop_fdre_C_Q)         0.141     0.141 r  vga/VGA_CONF_reg[4]/Q
                         net (fo=3, routed)           0.427     0.568    vga/img_mem/out[3]
    SLICE_X21Y33         LUT5 (Prop_lut5_I1_O)        0.045     0.613 r  vga/img_mem/green[2]_i_1/O
                         net (fo=1, routed)           0.000     0.613    vga/img_mem/green[2]_i_1_n_1
    SLICE_X21Y33         FDRE                                         r  vga/img_mem/green_reg[2]/D
  -------------------------------------------------------------------    -------------------

                         (clock clk_out1_clk_wiz_0 rise edge)
                                                      0.000     0.000 r  
    BUFGCTRL_X0Y0        BUFG                         0.000     0.000 r  clk_IBUF_BUFG_inst/O
                         net (fo=2128, routed)        0.812     0.812    vga/pll_inst/inst/clk_in1
    MMCME2_ADV_X0Y0      MMCME2_ADV (Prop_mmcme2_adv_CLKIN1_CLKOUT0)
                                                     -1.369    -0.557 r  vga/pll_inst/inst/mmcm_adv_inst/CLKOUT0
                         net (fo=1, routed)           0.528    -0.029    vga/pll_inst/inst/clk_out1_clk_wiz_0
    BUFGCTRL_X0Y1        BUFG (Prop_bufg_I_O)         0.029    -0.000 r  vga/pll_inst/inst/clkout1_buf/O
                         net (fo=71, routed)          0.823     0.823    vga/img_mem/clk_out1
    SLICE_X21Y33         FDRE                                         r  vga/img_mem/green_reg[2]/C

Slack:                    inf
  Source:                 vga/pll_inst/inst/mmcm_adv_inst/LOCKED
                            (internal pin)
  Destination:            <hidden>
                            (rising edge-triggered cell RAMB36E1 clocked by clk_out1_clk_wiz_0  {rise@0.000ns fall@19.862ns period=39.724ns})
  Path Group:             (none)
  Path Type:              Hold (Min at Fast Process Corner)
  Data Path Delay:        0.660ns  (logic 0.000ns (0.000%)  route 0.660ns (100.000%))
  Logic Levels:           0  
  Clock Uncertainty:      0.508ns  ((TSJ^2 + DJ^2)^1/2) / 2 + PE
    Total System Jitter     (TSJ):    0.050ns
    Discrete Jitter          (DJ):    0.281ns
    Phase Error              (PE):    0.365ns

    Location             Delay type                Incr(ns)  Path(ns)    Netlist Resource(s)
  -------------------------------------------------------------------    -------------------
    MMCME2_ADV_X0Y0      MMCME2_ADV                   0.000     0.000 r  vga/pll_inst/inst/mmcm_adv_inst/LOCKED
                         net (fo=36, routed)          0.660     0.660    <hidden>
    RAMB36_X1Y0          RAMB36E1                                     r  <hidden>
  -------------------------------------------------------------------    -------------------

                         (clock clk_out1_clk_wiz_0 rise edge)
                                                      0.000     0.000 r  
    BUFGCTRL_X0Y0        BUFG                         0.000     0.000 r  clk_IBUF_BUFG_inst/O
                         net (fo=2128, routed)        0.812     0.812    vga/pll_inst/inst/clk_in1
    MMCME2_ADV_X0Y0      MMCME2_ADV (Prop_mmcme2_adv_CLKIN1_CLKOUT0)
                                                     -1.369    -0.557 r  vga/pll_inst/inst/mmcm_adv_inst/CLKOUT0
                         net (fo=1, routed)           0.528    -0.029    vga/pll_inst/inst/clk_out1_clk_wiz_0
    BUFGCTRL_X0Y1        BUFG (Prop_bufg_I_O)         0.029    -0.000 r  vga/pll_inst/inst/clkout1_buf/O
                         net (fo=71, routed)          0.873     0.873    <hidden>
    RAMB36_X1Y0          RAMB36E1                                     r  <hidden>

Slack:                    inf
  Source:                 vga/VGA_CONF_reg[2]/C
                            (rising edge-triggered cell FDRE)
  Destination:            vga/img_mem/blue_reg[2]/D
                            (rising edge-triggered cell FDRE clocked by clk_out1_clk_wiz_0  {rise@0.000ns fall@19.862ns period=39.724ns})
  Path Group:             (none)
  Path Type:              Hold (Min at Fast Process Corner)
  Data Path Delay:        0.687ns  (logic 0.186ns (27.069%)  route 0.501ns (72.931%))
  Logic Levels:           2  (FDRE=1 LUT5=1)
  Clock Uncertainty:      0.508ns  ((TSJ^2 + DJ^2)^1/2) / 2 + PE
    Total System Jitter     (TSJ):    0.050ns
    Discrete Jitter          (DJ):    0.281ns
    Phase Error              (PE):    0.365ns

    Location             Delay type                Incr(ns)  Path(ns)    Netlist Resource(s)
  -------------------------------------------------------------------    -------------------
    SLICE_X35Y32         FDRE                         0.000     0.000 r  vga/VGA_CONF_reg[2]/C
    SLICE_X35Y32         FDRE (Prop_fdre_C_Q)         0.141     0.141 r  vga/VGA_CONF_reg[2]/Q
                         net (fo=3, routed)           0.501     0.642    vga/img_mem/out[1]
    SLICE_X21Y32         LUT5 (Prop_lut5_I0_O)        0.045     0.687 r  vga/img_mem/blue[2]_i_1/O
                         net (fo=1, routed)           0.000     0.687    vga/img_mem/blue[2]_i_1_n_1
    SLICE_X21Y32         FDRE                                         r  vga/img_mem/blue_reg[2]/D
  -------------------------------------------------------------------    -------------------

                         (clock clk_out1_clk_wiz_0 rise edge)
                                                      0.000     0.000 r  
    BUFGCTRL_X0Y0        BUFG                         0.000     0.000 r  clk_IBUF_BUFG_inst/O
                         net (fo=2128, routed)        0.812     0.812    vga/pll_inst/inst/clk_in1
    MMCME2_ADV_X0Y0      MMCME2_ADV (Prop_mmcme2_adv_CLKIN1_CLKOUT0)
                                                     -1.369    -0.557 r  vga/pll_inst/inst/mmcm_adv_inst/CLKOUT0
                         net (fo=1, routed)           0.528    -0.029    vga/pll_inst/inst/clk_out1_clk_wiz_0
    BUFGCTRL_X0Y1        BUFG (Prop_bufg_I_O)         0.029    -0.000 r  vga/pll_inst/inst/clkout1_buf/O
                         net (fo=71, routed)          0.822     0.822    vga/img_mem/clk_out1
    SLICE_X21Y32         FDRE                                         r  vga/img_mem/blue_reg[2]/C

Slack:                    inf
  Source:                 vga/VGA_CONF_reg[6]/C
                            (rising edge-triggered cell FDRE)
  Destination:            vga/img_mem/red_reg[2]/D
                            (rising edge-triggered cell FDRE clocked by clk_out1_clk_wiz_0  {rise@0.000ns fall@19.862ns period=39.724ns})
  Path Group:             (none)
  Path Type:              Hold (Min at Fast Process Corner)
  Data Path Delay:        0.704ns  (logic 0.186ns (26.429%)  route 0.518ns (73.571%))
  Logic Levels:           2  (FDRE=1 LUT5=1)
  Clock Uncertainty:      0.508ns  ((TSJ^2 + DJ^2)^1/2) / 2 + PE
    Total System Jitter     (TSJ):    0.050ns
    Discrete Jitter          (DJ):    0.281ns
    Phase Error              (PE):    0.365ns

    Location             Delay type                Incr(ns)  Path(ns)    Netlist Resource(s)
  -------------------------------------------------------------------    -------------------
    SLICE_X35Y32         FDRE                         0.000     0.000 r  vga/VGA_CONF_reg[6]/C
    SLICE_X35Y32         FDRE (Prop_fdre_C_Q)         0.141     0.141 r  vga/VGA_CONF_reg[6]/Q
                         net (fo=3, routed)           0.518     0.659    vga/img_mem/out[5]
    SLICE_X21Y32         LUT5 (Prop_lut5_I0_O)        0.045     0.704 r  vga/img_mem/red[2]_i_1/O
                         net (fo=1, routed)           0.000     0.704    vga/img_mem/red[2]_i_1_n_1
    SLICE_X21Y32         FDRE                                         r  vga/img_mem/red_reg[2]/D
  -------------------------------------------------------------------    -------------------

                         (clock clk_out1_clk_wiz_0 rise edge)
                                                      0.000     0.000 r  
    BUFGCTRL_X0Y0        BUFG                         0.000     0.000 r  clk_IBUF_BUFG_inst/O
                         net (fo=2128, routed)        0.812     0.812    vga/pll_inst/inst/clk_in1
    MMCME2_ADV_X0Y0      MMCME2_ADV (Prop_mmcme2_adv_CLKIN1_CLKOUT0)
                                                     -1.369    -0.557 r  vga/pll_inst/inst/mmcm_adv_inst/CLKOUT0
                         net (fo=1, routed)           0.528    -0.029    vga/pll_inst/inst/clk_out1_clk_wiz_0
    BUFGCTRL_X0Y1        BUFG (Prop_bufg_I_O)         0.029    -0.000 r  vga/pll_inst/inst/clkout1_buf/O
                         net (fo=71, routed)          0.822     0.822    vga/img_mem/clk_out1
    SLICE_X21Y32         FDRE                                         r  vga/img_mem/red_reg[2]/C

Slack:                    inf
  Source:                 vga/pll_inst/inst/mmcm_adv_inst/LOCKED
                            (internal pin)
  Destination:            <hidden>
                            (rising edge-triggered cell RAMB36E1 clocked by clk_out1_clk_wiz_0  {rise@0.000ns fall@19.862ns period=39.724ns})
  Path Group:             (none)
  Path Type:              Hold (Min at Fast Process Corner)
  Data Path Delay:        0.865ns  (logic 0.000ns (0.000%)  route 0.865ns (100.000%))
  Logic Levels:           0  
  Clock Uncertainty:      0.508ns  ((TSJ^2 + DJ^2)^1/2) / 2 + PE
    Total System Jitter     (TSJ):    0.050ns
    Discrete Jitter          (DJ):    0.281ns
    Phase Error              (PE):    0.365ns

    Location             Delay type                Incr(ns)  Path(ns)    Netlist Resource(s)
  -------------------------------------------------------------------    -------------------
    MMCME2_ADV_X0Y0      MMCME2_ADV                   0.000     0.000 r  vga/pll_inst/inst/mmcm_adv_inst/LOCKED
                         net (fo=36, routed)          0.865     0.865    <hidden>
    RAMB36_X1Y1          RAMB36E1                                     r  <hidden>
  -------------------------------------------------------------------    -------------------

                         (clock clk_out1_clk_wiz_0 rise edge)
                                                      0.000     0.000 r  
    BUFGCTRL_X0Y0        BUFG                         0.000     0.000 r  clk_IBUF_BUFG_inst/O
                         net (fo=2128, routed)        0.812     0.812    vga/pll_inst/inst/clk_in1
    MMCME2_ADV_X0Y0      MMCME2_ADV (Prop_mmcme2_adv_CLKIN1_CLKOUT0)
                                                     -1.369    -0.557 r  vga/pll_inst/inst/mmcm_adv_inst/CLKOUT0
                         net (fo=1, routed)           0.528    -0.029    vga/pll_inst/inst/clk_out1_clk_wiz_0
    BUFGCTRL_X0Y1        BUFG (Prop_bufg_I_O)         0.029    -0.000 r  vga/pll_inst/inst/clkout1_buf/O
                         net (fo=71, routed)          0.872     0.872    <hidden>
    RAMB36_X1Y1          RAMB36E1                                     r  <hidden>

Slack:                    inf
  Source:                 vga/pll_inst/inst/mmcm_adv_inst/LOCKED
                            (internal pin)
  Destination:            <hidden>
                            (rising edge-triggered cell RAMB36E1 clocked by clk_out1_clk_wiz_0  {rise@0.000ns fall@19.862ns period=39.724ns})
  Path Group:             (none)
  Path Type:              Hold (Min at Fast Process Corner)
  Data Path Delay:        1.023ns  (logic 0.000ns (0.000%)  route 1.023ns (100.000%))
  Logic Levels:           0  
  Clock Uncertainty:      0.508ns  ((TSJ^2 + DJ^2)^1/2) / 2 + PE
    Total System Jitter     (TSJ):    0.050ns
    Discrete Jitter          (DJ):    0.281ns
    Phase Error              (PE):    0.365ns

    Location             Delay type                Incr(ns)  Path(ns)    Netlist Resource(s)
  -------------------------------------------------------------------    -------------------
    MMCME2_ADV_X0Y0      MMCME2_ADV                   0.000     0.000 r  vga/pll_inst/inst/mmcm_adv_inst/LOCKED
                         net (fo=36, routed)          1.023     1.023    <hidden>
    RAMB36_X1Y2          RAMB36E1                                     r  <hidden>
  -------------------------------------------------------------------    -------------------

                         (clock clk_out1_clk_wiz_0 rise edge)
                                                      0.000     0.000 r  
    BUFGCTRL_X0Y0        BUFG                         0.000     0.000 r  clk_IBUF_BUFG_inst/O
                         net (fo=2128, routed)        0.812     0.812    vga/pll_inst/inst/clk_in1
    MMCME2_ADV_X0Y0      MMCME2_ADV (Prop_mmcme2_adv_CLKIN1_CLKOUT0)
                                                     -1.369    -0.557 r  vga/pll_inst/inst/mmcm_adv_inst/CLKOUT0
                         net (fo=1, routed)           0.528    -0.029    vga/pll_inst/inst/clk_out1_clk_wiz_0
    BUFGCTRL_X0Y1        BUFG (Prop_bufg_I_O)         0.029    -0.000 r  vga/pll_inst/inst/clkout1_buf/O
                         net (fo=71, routed)          0.868     0.868    <hidden>
    RAMB36_X1Y2          RAMB36E1                                     r  <hidden>

Slack:                    inf
  Source:                 vga/pll_inst/inst/mmcm_adv_inst/LOCKED
                            (internal pin)
  Destination:            <hidden>
                            (rising edge-triggered cell RAMB36E1 clocked by clk_out1_clk_wiz_0  {rise@0.000ns fall@19.862ns period=39.724ns})
  Path Group:             (none)
  Path Type:              Hold (Min at Fast Process Corner)
  Data Path Delay:        1.100ns  (logic 0.000ns (0.000%)  route 1.100ns (100.000%))
  Logic Levels:           0  
  Clock Uncertainty:      0.508ns  ((TSJ^2 + DJ^2)^1/2) / 2 + PE
    Total System Jitter     (TSJ):    0.050ns
    Discrete Jitter          (DJ):    0.281ns
    Phase Error              (PE):    0.365ns

    Location             Delay type                Incr(ns)  Path(ns)    Netlist Resource(s)
  -------------------------------------------------------------------    -------------------
    MMCME2_ADV_X0Y0      MMCME2_ADV                   0.000     0.000 r  vga/pll_inst/inst/mmcm_adv_inst/LOCKED
                         net (fo=36, routed)          1.100     1.100    <hidden>
    RAMB36_X1Y3          RAMB36E1                                     r  <hidden>
  -------------------------------------------------------------------    -------------------

                         (clock clk_out1_clk_wiz_0 rise edge)
                                                      0.000     0.000 r  
    BUFGCTRL_X0Y0        BUFG                         0.000     0.000 r  clk_IBUF_BUFG_inst/O
                         net (fo=2128, routed)        0.812     0.812    vga/pll_inst/inst/clk_in1
    MMCME2_ADV_X0Y0      MMCME2_ADV (Prop_mmcme2_adv_CLKIN1_CLKOUT0)
                                                     -1.369    -0.557 r  vga/pll_inst/inst/mmcm_adv_inst/CLKOUT0
                         net (fo=1, routed)           0.528    -0.029    vga/pll_inst/inst/clk_out1_clk_wiz_0
    BUFGCTRL_X0Y1        BUFG (Prop_bufg_I_O)         0.029    -0.000 r  vga/pll_inst/inst/clkout1_buf/O
                         net (fo=71, routed)          0.864     0.864    <hidden>
    RAMB36_X1Y3          RAMB36E1                                     r  <hidden>





